year,country,patents
2025,US,3989
2025,CN,3766
2025,SA,300
2025,CA,261
2025,TW,245
2025,GB,223
2025,KR,198
2025,JP,170
2025,DE,153
2025,IL,137
2025,IN,135
2025,NL,75
2025,FR,69
2025,SG,49
2025,FI,48
2025,SE,45
2025,IT,40
2025,CH,39
2025,ES,32
2025,AU,31
2025,AT,28
2025,DK,25
2025,IE,23
2025,AE,21
2025,NZ,18
2025,BR,16
2025,BE,15
2025,TR,14
2025,MX,14
2025,VN,13
2025,NO,13
2025,RU,12
2025,CZ,12
2025,PL,11
2025,UA,9
2025,MY,9
2025,PT,8
2025,PK,8
2025,EG,8
2025,BD,8
2025,CY,6
2025,RO,5
2025,KW,5
2025,PH,4
2025,LB,4
2025,HU,4
2025,GE,4
2025,ZA,3
2025,UG,3
2025,LT,3
2025,BY,3
2025,RS,2
2025,LV,2
2025,JO,2
2025,GR,2
2025,CR,2
2025,CL,2
2025,VG,1
2025,SK,1
2025,LU,1
2025,KZ,1
2025,IS,1
2025,ID,1
2025,GY,1
2025,GI,1
2025,GH,1
2025,EC,1
2025,BM,1
2025,BA,1
2024,US,36864
2024,CN,19981
2024,JP,5295
2024,KR,4387
2024,TW,3563
2024,DE,2356
2024,CA,2217
2024,GB,2102
2024,IN,1808
2024,IL,1082
2024,FR,1042
2024,SA,850
2024,IT,578
2024,CH,564
2024,AU,543
2024,NL,528
2024,SE,506
2024,SG,478
2024,AT,281
2024,DK,261
2024,IE,258
2024,BE,250
2024,FI,245
2024,ES,239
2024,NZ,127
2024,MX,123
2024,RU,120
2024,BR,118
2024,NO,115
2024,PL,109
2024,EG,108
2024,CZ,85
2024,AE,81
2024,TR,78
2024,MY,67
2024,UA,47
2024,RO,47
2024,PT,46
2024,HU,46
2024,LU,43
2024,VN,37
2024,TH,32
2024,ZA,31
2024,SI,31
2024,AR,31
2024,CO,30
2024,LT,29
2024,BM,29
2024,EE,26
2024,PK,23
2024,GR,23
2024,SK,22
2024,HR,22
2024,BG,18
2024,RS,17
2024,KW,17
2024,CR,16
2024,PH,15
2024,IQ,14
2024,CL,14
2024,AM,13
2024,IS,12
2024,UG,11
2024,QA,11
2024,BD,11
2024,JO,10
2024,CM,10
2024,PE,9
2024,IR,9
2024,CY,9
2024,LV,8
2024,ID,8
2024,MA,7
2024,LI,6
2024,LB,6
2024,KY,6
2024,GE,6
2024,OM,5
2024,BY,5
2024,VG,4
2024,TN,3
2024,NG,3
2024,MT,3
2024,KZ,3
2024,DO,3
2024,BA,3
2024,WS,2
2024,VE,2
2024,SY,2
2024,PA,2
2024,NP,2
2024,EC,2
2024,BH,2
2024,AI,2
2024,AG,2
2024,SN,1
2024,SD,1
2024,SC,1
2024,PS,1
2024,MM,1
2024,ME,1
2024,MD,1
2024,LK,1
2024,JM,1
2024,HN,1
2024,GY,1
2024,GL,1
2024,GI,1
2024,BB,1
2023,US,96640
2023,CN,30642
2023,JP,18799
2023,KR,14102
2023,TW,9910
2023,DE,6974
2023,IN,5904
2023,CA,5766
2023,GB,5339
2023,FR,3015
2023,IL,2948
2023,CH,1697
2023,IT,1679
2023,SE,1552
2023,SA,1358
2023,AU,1337
2023,NL,1258
2023,SG,1171
2023,AT,803
2023,BE,756
2023,DK,732
2023,FI,703
2023,IE,643
2023,ES,583
2023,RU,387
2023,NZ,343
2023,PL,312
2023,BR,274
2023,EG,268
2023,NO,250
2023,MX,233
2023,MY,209
2023,CZ,181
2023,UA,151
2023,TR,150
2023,AE,141
2023,ZA,138
2023,RO,131
2023,HU,100
2023,GR,97
2023,PT,96
2023,LT,96
2023,AR,82
2023,VN,75
2023,TH,67
2023,PH,60
2023,BG,57
2023,LU,55
2023,SK,49
2023,PK,48
2023,CM,46
2023,SI,44
2023,PE,37
2023,EE,37
2023,CL,37
2023,UG,36
2023,RS,36
2023,QA,36
2023,CR,36
2023,HR,35
2023,ID,31
2023,IR,30
2023,CO,29
2023,AM,26
2023,LV,24
2023,IS,24
2023,BM,22
2023,LB,19
2023,MT,18
2023,KY,17
2023,CY,16
2023,BY,16
2023,LI,15
2023,OM,14
2023,JO,13
2023,UY,11
2023,BD,11
2023,GE,10
2023,LK,9
2023,VE,7
2023,HN,7
2023,KZ,6
2023,GT,6
2023,DO,6
2023,TN,5
2023,NP,5
2023,KE,5
2023,DZ,5
2023,BA,5
2023,BB,4
2023,AI,4
2023,MK,3
2023,MC,3
2023,MA,3
2023,IQ,3
2023,IM,3
2023,GI,3
2023,GH,3
2023,CU,3
2023,TT,2
2023,SY,2
2023,SM,2
2023,PY,2
2023,MD,2
2023,KH,2
2023,AL,2
2023,AF,2
2023,WS,1
2023,TC,1
2023,MU,1
2023,MN,1
2023,ML,1
2023,ME,1
2023,KW,1
2023,JM,1
2023,JE,1
2023,BN,1
2023,BH,1
2023,AZ,1
2023,AO,1
2023,AG,1
2022,US,141450
2022,CN,40276
2022,JP,31319
2022,KR,22225
2022,TW,15424
2022,DE,12525
2022,IN,8899
2022,CA,8490
2022,GB,7923
2022,FR,5046
2022,IL,4331
2022,IT,3015
2022,CH,2685
2022,SE,2388
2022,NL,2241
2022,AU,1962
2022,SG,1933
2022,SA,1290
2022,AT,1242
2022,BE,1215
2022,FI,1169
2022,DK,1160
2022,IE,1060
2022,ES,933
2022,RU,615
2022,NO,525
2022,BR,501
2022,PL,482
2022,NZ,449
2022,MX,408
2022,CZ,332
2022,MY,281
2022,LT,272
2022,AE,209
2022,HU,183
2022,TR,182
2022,RO,182
2022,UA,180
2022,ZA,172
2022,PT,158
2022,AR,152
2022,GR,145
2022,PH,120
2022,LU,111
2022,TH,103
2022,BG,100
2022,VN,96
2022,CM,94
2022,SK,89
2022,SI,86
2022,UG,83
2022,CO,62
2022,CL,56
2022,IR,51
2022,EG,50
2022,PE,48
2022,HR,48
2022,EE,48
2022,RS,44
2022,PK,44
2022,BM,44
2022,MT,42
2022,IS,40
2022,BY,40
2022,AM,32
2022,CY,30
2022,CR,29
2022,BD,27
2022,QA,26
2022,KY,26
2022,UY,24
2022,ID,23
2022,LV,22
2022,LI,18
2022,JO,17
2022,MC,16
2022,OM,14
2022,LB,14
2022,TN,11
2022,LK,11
2022,GE,9
2022,VE,8
2022,PA,8
2022,KG,8
2022,KE,8
2022,EC,8
2022,SM,6
2022,MA,6
2022,KW,6
2022,BH,6
2022,MU,5
2022,JE,5
2022,GT,5
2022,IM,4
2022,HN,4
2022,FO,4
2022,DZ,4
2022,DO,4
2022,BB,4
2022,AI,4
2022,AG,4
2022,SN,3
2022,NP,3
2022,KZ,3
2022,GH,3
2022,AF,3
2022,WS,2
2022,UZ,2
2022,TT,2
2022,SY,2
2022,ML,2
2022,MK,2
2022,MD,2
2022,KP,2
2022,IQ,2
2022,GI,2
2022,BS,2
2022,BN,2
2022,BA,2
2022,AO,2
2022,AL,2
2022,AD,2
2022,TC,1
2022,SC,1
2022,PY,1
2022,MW,1
2022,MN,1
2022,ME,1
2022,LY,1
2022,KN,1
2022,JM,1
2022,GY,1
2022,CU,1
2022,BO,1
2022,AZ,1
2021,US,173907
2021,CN,47107
2021,JP,39579
2021,KR,25385
2021,DE,16935
2021,TW,16551
2021,IN,10612
2021,CA,10307
2021,GB,9618
2021,FR,6631
2021,IL,5333
2021,IT,3472
2021,CH,3337
2021,SE,3253
2021,NL,3037
2021,AU,2654
2021,SG,2165
2021,AT,1712
2021,BE,1666
2021,FI,1535
2021,DK,1485
2021,SA,1476
2021,ES,1333
2021,IE,1272
2021,RU,815
2021,NZ,625
2021,BR,622
2021,NO,613
2021,PL,538
2021,MX,460
2021,CZ,413
2021,MY,409
2021,RO,234
2021,TR,233
2021,HU,222
2021,ZA,210
2021,GR,202
2021,UA,201
2021,AE,201
2021,PT,198
2021,LT,189
2021,AR,181
2021,CM,175
2021,PH,147
2021,BG,147
2021,TH,137
2021,SK,128
2021,UG,106
2021,LU,105
2021,CR,91
2021,CL,82
2021,VN,78
2021,IR,78
2021,SI,77
2021,PK,75
2021,EE,71
2021,CO,61
2021,PE,57
2021,HR,52
2021,RS,50
2021,BM,50
2021,EG,45
2021,MT,44
2021,ID,40
2021,BY,39
2021,QA,35
2021,LV,32
2021,IS,32
2021,AM,32
2021,LK,31
2021,CY,25
2021,KE,21
2021,LI,20
2021,LB,20
2021,BD,20
2021,UY,18
2021,KY,18
2021,MA,14
2021,JO,14
2021,MC,13
2021,OM,12
2021,DZ,12
2021,VE,11
2021,DO,11
2021,MU,9
2021,SY,8
2021,PA,8
2021,KZ,7
2021,KP,6
2021,GI,6
2021,BH,6
2021,PY,5
2021,NP,5
2021,KW,5
2021,JE,5
2021,GH,5
2021,GE,5
2021,EC,5
2021,BB,5
2021,BA,5
2021,TN,4
2021,SM,4
2021,MK,4
2021,JM,4
2021,GT,4
2021,BS,4
2021,VG,3
2021,HN,3
2021,BZ,3
2021,AZ,3
2021,AI,3
2021,AF,3
2021,WS,2
2021,UZ,2
2021,NG,2
2021,MZ,2
2021,MM,2
2021,MD,2
2021,IQ,2
2021,ER,2
2021,BN,2
2021,AL,2
2021,AD,2
2021,SR,1
2021,SN,1
2021,SC,1
2021,PS,1
2021,ML,1
2021,MG,1
2021,IM,1
2021,GW,1
2021,GG,1
2021,FM,1
2021,BO,1
2021,BJ,1
2020,US,188448
2020,JP,49783
2020,CN,45759
2020,KR,28983
2020,DE,20803
2020,TW,17344
2020,GB,11261
2020,CA,11061
2020,IN,9857
2020,FR,8301
2020,IL,5516
2020,CH,4387
2020,IT,4100
2020,SE,4016
2020,NL,3748
2020,AU,3000
2020,SG,2352
2020,AT,2109
2020,BE,1993
2020,FI,1879
2020,DK,1748
2020,IE,1527
2020,SA,1498
2020,ES,1498
2020,RU,1026
2020,NO,742
2020,BR,665
2020,PL,590
2020,NZ,572
2020,MX,492
2020,CZ,483
2020,MY,463
2020,CM,281
2020,ZA,273
2020,HU,270
2020,TR,240
2020,AE,225
2020,AR,214
2020,GR,199
2020,UA,194
2020,RO,183
2020,PT,173
2020,UG,145
2020,BG,130
2020,PH,122
2020,TH,119
2020,LU,114
2020,VN,100
2020,SI,98
2020,SK,97
2020,IR,88
2020,PE,85
2020,CO,84
2020,CL,83
2020,EG,79
2020,EE,67
2020,HR,64
2020,CR,64
2020,IS,59
2020,ID,59
2020,QA,57
2020,BM,55
2020,LT,48
2020,LI,48
2020,CY,47
2020,PK,46
2020,BY,41
2020,MT,40
2020,KY,39
2020,JO,38
2020,LV,36
2020,KE,36
2020,RS,35
2020,LK,29
2020,AM,29
2020,LB,24
2020,SM,18
2020,MA,18
2020,JE,17
2020,VE,14
2020,BD,14
2020,UY,12
2020,KP,11
2020,SY,10
2020,OM,10
2020,MD,10
2020,MC,10
2020,KW,10
2020,GH,10
2020,DO,10
2020,MU,9
2020,KZ,9
2020,GE,7
2020,EC,7
2020,DZ,7
2020,BS,7
2020,PA,6
2020,NG,6
2020,IQ,6
2020,VG,5
2020,TN,5
2020,GT,5
2020,WS,4
2020,KH,4
2020,GI,4
2020,UZ,3
2020,IM,3
2020,CU,3
2020,BO,3
2020,BH,3
2020,AL,3
2020,AF,3
2020,SN,2
2020,SC,2
2020,PS,2
2020,ML,2
2020,MK,2
2020,KG,2
2020,CD,2
2020,BN,2
2020,AI,2
2020,TT,1
2020,TM,1
2020,PY,1
2020,MZ,1
2020,MM,1
2020,ME,1
2020,LA,1
2020,JM,1
2020,BZ,1
2020,BW,1
2020,BB,1
2020,AO,1
2020,AG,1
2020,AD,1
2019,US,201501
2019,JP,56303
2019,CN,42286
2019,KR,28631
2019,DE,22853
2019,TW,16966
2019,GB,12475
2019,CA,11912
2019,IN,9928
2019,FR,9281
2019,IL,5879
2019,CH,4834
2019,IT,4576
2019,SE,4404
2019,NL,4062
2019,AU,3174
2019,AT,2338
2019,SG,2324
2019,BE,2284
2019,FI,1982
2019,DK,1735
2019,ES,1688
2019,IE,1574
2019,SA,1503
2019,RU,1053
2019,BR,795
2019,NO,764
2019,NZ,612
2019,PL,604
2019,MX,532
2019,CZ,512
2019,MY,459
2019,CM,366
2019,HU,326
2019,ZA,322
2019,TR,319
2019,PT,271
2019,AR,243
2019,TH,236
2019,GR,228
2019,AE,197
2019,RO,191
2019,UA,190
2019,LU,177
2019,PH,155
2019,UG,136
2019,CL,121
2019,SK,120
2019,SI,117
2019,BG,115
2019,PE,100
2019,CO,96
2019,IR,90
2019,CR,89
2019,EE,80
2019,VN,72
2019,EG,67
2019,ID,60
2019,LI,58
2019,RS,55
2019,BM,53
2019,BY,50
2019,IS,49
2019,AM,49
2019,PK,46
2019,HR,45
2019,QA,42
2019,KE,42
2019,LB,39
2019,LT,35
2019,LK,27
2019,KY,26
2019,CY,25
2019,SY,24
2019,MT,23
2019,MU,22
2019,KW,22
2019,JO,18
2019,VE,17
2019,KP,17
2019,MA,16
2019,LV,15
2019,GH,15
2019,BD,15
2019,UY,14
2019,TN,14
2019,BB,13
2019,EC,10
2019,MC,9
2019,JE,9
2019,DO,9
2019,NG,8
2019,KZ,8
2019,GT,8
2019,GE,8
2019,CU,7
2019,TT,6
2019,JM,6
2019,BA,6
2019,IM,5
2019,SM,4
2019,PA,4
2019,OM,4
2019,NP,4
2019,MM,4
2019,MK,4
2019,BH,4
2019,VG,3
2019,UZ,3
2019,TM,3
2019,SN,3
2019,PY,3
2019,ME,3
2019,BS,3
2019,BO,3
2019,AI,3
2019,YE,2
2019,WS,2
2019,TC,2
2019,PS,2
2019,MZ,2
2019,IQ,2
2019,HN,2
2019,GI,2
2019,DZ,2
2019,BZ,2
2019,ZM,1
2019,SV,1
2019,SD,1
2019,RW,1
2019,MN,1
2019,ML,1
2019,MG,1
2019,LC,1
2019,KN,1
2019,GM,1
2019,FO,1
2019,CG,1
2019,BN,1
2019,BI,1
2019,AZ,1
2019,AL,1
2019,AF,1
2019,AD,1
2018,US,192028
2018,JP,55143
2018,CN,36197
2018,KR,24055
2018,DE,23161
2018,TW,15644
2018,GB,12010
2018,CA,10914
2018,FR,9200
2018,IN,8605
2018,IL,5452
2018,CH,4771
2018,IT,4571
2018,SE,4303
2018,NL,3933
2018,AU,3045
2018,AT,2223
2018,BE,2184
2018,SG,2155
2018,FI,1953
2018,DK,1768
2018,ES,1735
2018,IE,1550
2018,SA,1158
2018,RU,942
2018,NO,868
2018,BR,741
2018,PL,574
2018,NZ,568
2018,MX,549
2018,CZ,467
2018,MY,449
2018,CM,382
2018,TR,290
2018,ZA,257
2018,HU,245
2018,PT,241
2018,GR,198
2018,AR,194
2018,PH,180
2018,AE,180
2018,UA,177
2018,LU,176
2018,RO,156
2018,TH,151
2018,IR,132
2018,PE,127
2018,UG,125
2018,SI,120
2018,SK,107
2018,CL,86
2018,BG,86
2018,IS,77
2018,CR,77
2018,VN,76
2018,CO,71
2018,EE,67
2018,EG,65
2018,BM,64
2018,RS,52
2018,KE,52
2018,PK,51
2018,LI,45
2018,LT,44
2018,QA,42
2018,ID,42
2018,HR,38
2018,CY,36
2018,BY,36
2018,LB,35
2018,LV,28
2018,AM,28
2018,SY,27
2018,MT,27
2018,JE,26
2018,VE,20
2018,UY,20
2018,KY,19
2018,MU,16
2018,LK,16
2018,JO,15
2018,BD,15
2018,KZ,14
2018,MA,12
2018,MC,11
2018,CU,11
2018,TN,10
2018,KW,10
2018,VG,9
2018,DO,9
2018,BH,9
2018,PA,8
2018,EC,8
2018,GH,7
2018,NG,6
2018,GT,6
2018,CD,6
2018,UZ,5
2018,MD,5
2018,KP,5
2018,JM,5
2018,GI,5
2018,AD,5
2018,WS,4
2018,OM,4
2018,MM,4
2018,GE,4
2018,BS,4
2018,YE,3
2018,PY,3
2018,HN,3
2018,BZ,3
2018,BO,3
2018,AL,3
2018,AF,3
2018,ZW,2
2018,SM,2
2018,MK,2
2018,IQ,2
2018,IM,2
2018,ET,2
2018,DZ,2
2018,BN,2
2018,BB,2
2018,ZM,1
2018,TZ,1
2018,TT,1
2018,SV,1
2018,SN,1
2018,SD,1
2018,SC,1
2018,PS,1
2018,NP,1
2018,NE,1
2018,MZ,1
2018,MW,1
2018,ML,1
2018,ME,1
2018,LC,1
2018,LA,1
2018,KN,1
2018,GY,1
2018,ER,1
2018,BF,1
2018,BA,1
2018,AO,1
2017,US,191629
2017,JP,54977
2017,CN,31915
2017,KR,23796
2017,DE,22629
2017,TW,14501
2017,GB,11823
2017,CA,10896
2017,FR,8733
2017,IN,7705
2017,IL,5597
2017,CH,4677
2017,IT,4447
2017,SE,4295
2017,NL,4099
2017,AU,2997
2017,AT,2190
2017,BE,2144
2017,SG,2074
2017,FI,1814
2017,DK,1633
2017,IE,1530
2017,ES,1480
2017,SA,990
2017,RU,850
2017,NO,838
2017,BR,670
2017,MX,616
2017,NZ,538
2017,CZ,520
2017,PL,493
2017,MY,407
2017,CM,364
2017,TR,303
2017,PT,296
2017,HU,290
2017,ZA,273
2017,GR,190
2017,AR,187
2017,TH,183
2017,RO,165
2017,PH,163
2017,AE,155
2017,UA,142
2017,IR,139
2017,UG,137
2017,LU,130
2017,PE,116
2017,SK,106
2017,SI,105
2017,CL,81
2017,BG,75
2017,EG,73
2017,BM,73
2017,CO,66
2017,VN,64
2017,EE,63
2017,CR,63
2017,LI,59
2017,IS,56
2017,PK,54
2017,RS,53
2017,KE,49
2017,HR,43
2017,AM,43
2017,LT,37
2017,ID,35
2017,LB,31
2017,BY,31
2017,QA,29
2017,LK,29
2017,MT,28
2017,CY,25
2017,MU,24
2017,JO,23
2017,LV,21
2017,KY,18
2017,JE,17
2017,VE,16
2017,UY,16
2017,SY,16
2017,MC,16
2017,KP,15
2017,MA,14
2017,OM,13
2017,KZ,12
2017,EC,12
2017,BD,12
2017,PA,11
2017,KW,11
2017,TT,10
2017,TN,10
2017,JM,10
2017,DO,9
2017,CU,9
2017,NG,8
2017,GE,8
2017,YE,7
2017,GH,7
2017,BH,7
2017,BN,6
2017,WS,5
2017,ET,5
2017,DZ,5
2017,VG,4
2017,MN,4
2017,IQ,4
2017,GW,4
2017,GT,4
2017,BF,4
2017,KH,3
2017,IM,3
2017,BS,3
2017,AO,3
2017,AL,3
2017,UZ,2
2017,SN,2
2017,GI,2
2017,BZ,2
2017,BA,2
2017,ZW,1
2017,VU,1
2017,TZ,1
2017,SV,1
2017,PS,1
2017,NP,1
2017,MM,1
2017,MK,1
2017,MG,1
2017,ME,1
2017,MD,1
2017,LA,1
2017,KG,1
2017,GY,1
2017,GD,1
2017,GA,1
2017,ER,1
2017,CD,1
2017,BO,1
2017,BB,1
2017,AZ,1
2017,AF,1
2016,US,184372
2016,JP,53370
2016,CN,26557
2016,KR,24562
2016,DE,21360
2016,TW,13050
2016,GB,11336
2016,CA,10488
2016,FR,8851
2016,IN,7147
2016,IL,5194
2016,CH,4465
2016,IT,4329
2016,NL,4151
2016,SE,3875
2016,AU,2892
2016,AT,2168
2016,BE,2156
2016,SG,1957
2016,FI,1744
2016,ES,1518
2016,DK,1518
2016,IE,1312
2016,RU,896
2016,SA,786
2016,NO,730
2016,BR,715
2016,MX,599
2016,NZ,516
2016,CZ,490
2016,PL,442
2016,CM,407
2016,MY,373
2016,ZA,302
2016,HU,286
2016,TR,271
2016,PT,197
2016,TH,177
2016,RO,155
2016,AR,155
2016,AE,155
2016,GR,151
2016,UG,146
2016,PH,141
2016,PE,135
2016,LU,120
2016,UA,117
2016,CL,113
2016,SI,100
2016,IR,93
2016,SK,88
2016,BG,88
2016,CO,84
2016,EG,81
2016,EE,76
2016,LI,66
2016,BM,60
2016,IS,55
2016,VN,49
2016,PK,44
2016,RS,42
2016,ID,41
2016,QA,40
2016,AM,36
2016,SY,32
2016,KE,31
2016,CR,31
2016,VE,29
2016,KW,27
2016,LK,24
2016,KY,24
2016,HR,24
2016,LT,23
2016,LB,22
2016,CY,22
2016,MT,21
2016,JO,21
2016,UY,20
2016,BY,18
2016,MC,16
2016,MU,15
2016,LV,15
2016,BD,14
2016,BB,12
2016,JM,11
2016,GT,11
2016,TN,10
2016,KP,10
2016,DO,10
2016,BN,10
2016,KZ,9
2016,PA,8
2016,BS,8
2016,WS,7
2016,VG,7
2016,LA,7
2016,IM,7
2016,GE,7
2016,MK,6
2016,MA,6
2016,UZ,5
2016,OM,5
2016,NG,5
2016,JE,5
2016,ML,4
2016,GH,4
2016,EC,4
2016,BO,4
2016,BH,4
2016,TT,3
2016,GI,3
2016,CU,3
2016,AF,3
2016,ZW,2
2016,SM,2
2016,PY,2
2016,MN,2
2016,MD,2
2016,GW,2
2016,DZ,2
2016,CD,2
2016,BA,2
2016,AL,2
2016,AD,2
2016,TM,1
2016,SN,1
2016,SD,1
2016,RW,1
2016,PG,1
2016,MM,1
2016,ME,1
2016,KH,1
2016,IQ,1
2016,HN,1
2016,GN,1
2016,GA,1
2016,FO,1
2016,CV,1
2016,AZ,1
2016,AO,1
2015,US,177322
2015,JP,52552
2015,KR,25217
2015,CN,22963
2015,DE,20721
2015,TW,13523
2015,GB,11052
2015,CA,10020
2015,FR,8810
2015,IN,6710
2015,IL,5131
2015,CH,4227
2015,IT,4077
2015,NL,3876
2015,SE,3727
2015,AU,2640
2015,AT,2044
2015,BE,1966
2015,FI,1837
2015,SG,1757
2015,DK,1486
2015,ES,1340
2015,IE,1224
2015,RU,748
2015,NO,744
2015,BR,645
2015,SA,632
2015,NZ,563
2015,MX,524
2015,PL,406
2015,CZ,402
2015,MY,384
2015,CM,346
2015,ZA,284
2015,HU,284
2015,TR,212
2015,UG,173
2015,TH,165
2015,RO,165
2015,GR,159
2015,PT,152
2015,AE,152
2015,AR,147
2015,PH,142
2015,PE,135
2015,LU,123
2015,UA,117
2015,BM,83
2015,SI,81
2015,BG,73
2015,CL,70
2015,SK,69
2015,IS,69
2015,IR,65
2015,VN,58
2015,EG,57
2015,CO,56
2015,LI,55
2015,RS,46
2015,EE,45
2015,ID,42
2015,HR,41
2015,PK,35
2015,KW,35
2015,CR,33
2015,AM,32
2015,QA,30
2015,LB,30
2015,LT,29
2015,KY,27
2015,MU,26
2015,MT,23
2015,JO,21
2015,BY,17
2015,VE,16
2015,SY,16
2015,MC,15
2015,CY,15
2015,LK,14
2015,LA,14
2015,BN,14
2015,TN,12
2015,KZ,11
2015,JM,11
2015,LV,10
2015,TT,9
2015,PA,9
2015,GI,9
2015,ET,9
2015,BD,9
2015,BH,8
2015,UY,7
2015,KP,7
2015,CU,7
2015,NP,6
2015,MA,6
2015,GH,6
2015,DO,6
2015,NG,5
2015,MD,5
2015,AF,5
2015,AD,5
2015,KE,4
2015,JE,4
2015,GT,4
2015,GE,4
2015,EC,4
2015,DZ,4
2015,SD,3
2015,IQ,3
2015,BS,3
2015,BA,3
2015,VG,2
2015,SV,2
2015,SN,2
2015,SM,2
2015,OM,2
2015,MM,2
2015,KH,2
2015,HN,2
2015,GW,2
2015,ER,2
2015,CI,2
2015,BB,2
2015,AZ,2
2015,ZW,1
2015,ZM,1
2015,YE,1
2015,UZ,1
2015,TZ,1
2015,TL,1
2015,SC,1
2015,PG,1
2015,NI,1
2015,MW,1
2015,MN,1
2015,ML,1
2015,MK,1
2015,ME,1
2015,LR,1
2015,KN,1
2015,IM,1
2015,GN,1
2015,GA,1
2015,FO,1
2015,FJ,1
2015,CD,1
2015,BO,1
2015,AI,1
2014,US,173000
2014,JP,50127
2014,KR,22983
2014,CN,20677
2014,DE,19950
2014,TW,13214
2014,GB,10604
2014,CA,9631
2014,FR,8547
2014,IN,6001
2014,IL,4465
2014,CH,3978
2014,NL,3827
2014,IT,3821
2014,SE,3686
2014,AU,2603
2014,AT,1994
2014,BE,1957
2014,SG,1783
2014,FI,1765
2014,DK,1497
2014,ES,1266
2014,IE,1053
2014,NO,783
2014,RU,744
2014,BR,589
2014,SA,550
2014,NZ,539
2014,MX,440
2014,MY,399
2014,CZ,399
2014,PL,351
2014,CM,293
2014,ZA,288
2014,TR,232
2014,HU,232
2014,UG,178
2014,GR,149
2014,TH,140
2014,RO,134
2014,AE,131
2014,PT,129
2014,UA,124
2014,PH,116
2014,PE,113
2014,LU,104
2014,AR,98
2014,CL,89
2014,IR,80
2014,EE,75
2014,SI,73
2014,BM,73
2014,SK,70
2014,BG,64
2014,EG,62
2014,VN,58
2014,CO,58
2014,LI,53
2014,IS,51
2014,KW,44
2014,BY,44
2014,ID,43
2014,RS,41
2014,PK,38
2014,CR,33
2014,QA,32
2014,MU,31
2014,HR,30
2014,VE,29
2014,LB,29
2014,CY,25
2014,JO,24
2014,MT,21
2014,KY,18
2014,AM,18
2014,LK,16
2014,LT,14
2014,SY,13
2014,BS,13
2014,MC,12
2014,BN,11
2014,UY,10
2014,PA,10
2014,LV,9
2014,CU,9
2014,CI,9
2014,KE,8
2014,GH,8
2014,BH,8
2014,TN,7
2014,KZ,7
2014,JM,7
2014,BB,6
2014,NG,5
2014,IQ,5
2014,DO,5
2014,BA,5
2014,OM,4
2014,MD,4
2014,MA,4
2014,GA,4
2014,EC,4
2014,VG,3
2014,MM,3
2014,KP,3
2014,JE,3
2014,IM,3
2014,GW,3
2014,GI,3
2014,GE,3
2014,BO,3
2014,BD,3
2014,AZ,3
2014,AO,3
2014,YE,2
2014,TZ,2
2014,TT,2
2014,TD,2
2014,LR,2
2014,LA,2
2014,KH,2
2014,HN,2
2014,GY,2
2014,CD,2
2014,ZW,1
2014,VU,1
2014,TM,1
2014,SV,1
2014,SM,1
2014,SD,1
2014,PY,1
2014,PS,1
2014,NP,1
2014,MK,1
2014,ME,1
2014,LC,1
2014,GT,1
2014,GL,1
2014,ET,1
2014,ER,1
2014,DZ,1
2014,AI,1
2014,AG,1
2014,AF,1
2014,AD,1
2013,US,169639
2013,JP,48930
2013,KR,20896
2013,DE,19727
2013,CN,17788
2013,TW,13282
2013,GB,9787
2013,CA,9620
2013,FR,8263
2013,IN,5285
2013,IL,4501
2013,CH,3941
2013,IT,3628
2013,NL,3453
2013,SE,3452
2013,AU,2620
2013,BE,1857
2013,AT,1847
2013,FI,1716
2013,SG,1644
2013,DK,1480
2013,ES,1185
2013,IE,979
2013,NO,791
2013,RU,735
2013,BR,525
2013,NZ,515
2013,SA,490
2013,MY,378
2013,MX,354
2013,PL,336
2013,ZA,328
2013,CZ,328
2013,HU,245
2013,CM,237
2013,UG,206
2013,TR,197
2013,GR,156
2013,AR,155
2013,TH,150
2013,RO,147
2013,LU,136
2013,PE,125
2013,PT,114
2013,AE,101
2013,UA,93
2013,PH,84
2013,CL,77
2013,BG,72
2013,SK,66
2013,LI,65
2013,EG,59
2013,SI,58
2013,KW,54
2013,IR,53
2013,IS,48
2013,EE,46
2013,CO,46
2013,BY,43
2013,VN,41
2013,ID,37
2013,BM,37
2013,RS,30
2013,PK,29
2013,JO,29
2013,MU,28
2013,CR,28
2013,HR,27
2013,LB,26
2013,QA,24
2013,VE,22
2013,LT,21
2013,MT,20
2013,BH,18
2013,CU,17
2013,MC,16
2013,KY,16
2013,AM,16
2013,UY,15
2013,LV,15
2013,CY,15
2013,SY,14
2013,BS,13
2013,LK,12
2013,PA,11
2013,DO,10
2013,TN,9
2013,JM,9
2013,BN,9
2013,BD,9
2013,AD,9
2013,KZ,8
2013,KE,8
2013,NP,6
2013,GH,6
2013,TT,5
2013,NG,5
2013,MA,5
2013,KP,5
2013,BA,5
2013,SN,4
2013,IQ,4
2013,IM,4
2013,MD,3
2013,JE,3
2013,GT,3
2013,GE,3
2013,ET,3
2013,DZ,3
2013,BO,3
2013,BB,3
2013,AZ,3
2013,AL,3
2013,UZ,2
2013,OM,2
2013,NI,2
2013,ZW,1
2013,YE,1
2013,VG,1
2013,TG,1
2013,TC,1
2013,SV,1
2013,NE,1
2013,MW,1
2013,MK,1
2013,LY,1
2013,KH,1
2013,GW,1
2013,GL,1
2013,GI,1
2013,FO,1
2013,EC,1
2013,CD,1
2013,AF,1
2012,US,158266
2012,JP,50107
2012,DE,18882
2012,KR,17291
2012,CN,15525
2012,TW,12319
2012,CA,9772
2012,GB,9320
2012,FR,7894
2012,IN,4555
2012,IL,3971
2012,CH,3781
2012,IT,3429
2012,NL,3314
2012,SE,3168
2012,AU,2475
2012,FI,1691
2012,AT,1666
2012,BE,1612
2012,DK,1516
2012,SG,1425
2012,ES,1075
2012,IE,824
2012,NO,772
2012,RU,732
2012,BR,481
2012,SA,444
2012,NZ,398
2012,MY,319
2012,MX,317
2012,CM,282
2012,PL,277
2012,CZ,253
2012,HU,225
2012,ZA,219
2012,UG,186
2012,TR,161
2012,TH,144
2012,GR,139
2012,PT,129
2012,PE,129
2012,LU,112
2012,AR,107
2012,AE,104
2012,RO,96
2012,UA,92
2012,PH,76
2012,BG,70
2012,CL,66
2012,LI,61
2012,KW,59
2012,EG,56
2012,SK,53
2012,SI,53
2012,VN,50
2012,IR,50
2012,IS,45
2012,ID,45
2012,EE,43
2012,BM,40
2012,CO,38
2012,QA,33
2012,JO,29
2012,VE,24
2012,PK,24
2012,CR,24
2012,RS,23
2012,LB,22
2012,HR,22
2012,CY,19
2012,BY,18
2012,MU,17
2012,UY,16
2012,PA,16
2012,MC,16
2012,LT,16
2012,KY,16
2012,AM,16
2012,GE,14
2012,MT,12
2012,KP,12
2012,BN,12
2012,LK,11
2012,BD,11
2012,LV,10
2012,KE,10
2012,CU,9
2012,EC,8
2012,DO,8
2012,AF,8
2012,SY,7
2012,VG,6
2012,TT,6
2012,MA,6
2012,GT,6
2012,GH,6
2012,BS,6
2012,TN,5
2012,NP,5
2012,MD,5
2012,KZ,5
2012,AD,5
2012,NG,4
2012,JM,4
2012,BO,4
2012,BB,4
2012,ZW,3
2012,UZ,3
2012,OM,3
2012,IM,3
2012,GI,3
2012,AO,3
2012,YE,2
2012,TC,2
2012,SV,2
2012,SN,2
2012,SL,2
2012,NE,2
2012,LR,2
2012,JE,2
2012,GW,2
2012,FO,2
2012,DZ,2
2012,BH,2
2012,BA,2
2012,AZ,2
2012,SM,1
2012,PY,1
2012,PG,1
2012,MN,1
2012,MM,1
2012,ML,1
2012,MK,1
2012,ME,1
2012,KN,1
2012,HN,1
2012,GY,1
2012,GL,1
2012,DJ,1
2012,CI,1
2012,BW,1
2012,AG,1
2011,US,140562
2011,JP,48870
2011,DE,18034
2011,KR,15975
2011,CN,13430
2011,TW,11945
2011,CA,8612
2011,GB,8361
2011,FR,7207
2011,IN,3751
2011,IL,3422
2011,CH,3377
2011,IT,3098
2011,NL,2905
2011,SE,2871
2011,AU,2195
2011,BE,1660
2011,AT,1540
2011,FI,1459
2011,DK,1296
2011,SG,1279
2011,ES,1015
2011,IE,730
2011,NO,678
2011,RU,589
2011,BR,468
2011,NZ,387
2011,SA,324
2011,MY,321
2011,MX,277
2011,CM,248
2011,PL,244
2011,HU,221
2011,ZA,202
2011,CZ,190
2011,UG,186
2011,TR,140
2011,TH,136
2011,LU,123
2011,AR,121
2011,PE,108
2011,PT,99
2011,GR,94
2011,RO,91
2011,PH,79
2011,UA,75
2011,CL,75
2011,IR,74
2011,EE,62
2011,LI,61
2011,AE,61
2011,SI,51
2011,EG,48
2011,BM,48
2011,BG,40
2011,VN,39
2011,LB,36
2011,CO,36
2011,KW,33
2011,IS,33
2011,SK,31
2011,PK,31
2011,ID,28
2011,RS,25
2011,HR,24
2011,MU,21
2011,VE,20
2011,AM,19
2011,QA,18
2011,MC,18
2011,KY,16
2011,CR,15
2011,SY,14
2011,LK,13
2011,UY,12
2011,JO,12
2011,CU,11
2011,KP,10
2011,BY,10
2011,KE,9
2011,DO,9
2011,GH,8
2011,TN,7
2011,LV,7
2011,LT,7
2011,EC,7
2011,CY,7
2011,BB,7
2011,JM,6
2011,TT,5
2011,MA,5
2011,KZ,4
2011,GE,4
2011,BA,4
2011,ZW,3
2011,PY,3
2011,PA,3
2011,NP,3
2011,LA,3
2011,IM,3
2011,GI,3
2011,AZ,3
2011,SV,2
2011,SL,2
2011,SD,2
2011,NG,2
2011,MT,2
2011,MM,2
2011,JE,2
2011,HN,2
2011,GW,2
2011,DZ,2
2011,BS,2
2011,AO,2
2011,YE,1
2011,VG,1
2011,TZ,1
2011,TD,1
2011,SM,1
2011,OM,1
2011,MN,1
2011,MD,1
2011,KN,1
2011,IQ,1
2011,GT,1
2011,GL,1
2011,CI,1
2011,CF,1
2011,BO,1
2011,BN,1
2011,BH,1
2011,BF,1
2011,BD,1
2011,AF,1
2010,US,129401
2010,JP,44824
2010,DE,16634
2010,KR,14507
2010,TW,12078
2010,CN,12056
2010,CA,7963
2010,GB,7835
2010,FR,7160
2010,IN,3165
2010,CH,3099
2010,NL,2877
2010,IT,2851
2010,IL,2716
2010,SE,2407
2010,AU,2334
2010,BE,1444
2010,AT,1358
2010,FI,1260
2010,SG,1229
2010,DK,1104
2010,ES,989
2010,IE,681
2010,NO,580
2010,RU,478
2010,BR,391
2010,NZ,349
2010,MY,336
2010,SA,311
2010,MX,214
2010,CM,212
2010,CZ,203
2010,ZA,197
2010,PL,192
2010,HU,180
2010,UG,148
2010,TR,126
2010,GR,112
2010,AR,102
2010,LU,100
2010,PE,88
2010,TH,87
2010,RO,80
2010,IR,75
2010,PT,71
2010,CL,70
2010,PH,68
2010,BM,67
2010,SI,61
2010,UA,55
2010,CO,50
2010,EE,46
2010,EG,40
2010,AE,38
2010,AM,37
2010,BG,36
2010,KW,35
2010,IS,35
2010,ID,34
2010,SK,33
2010,VE,29
2010,LI,29
2010,MU,26
2010,RS,23
2010,HR,22
2010,VN,20
2010,QA,18
2010,KY,17
2010,LB,15
2010,CR,15
2010,BY,15
2010,LT,14
2010,PK,13
2010,CY,13
2010,LV,12
2010,SY,11
2010,MC,11
2010,LK,11
2010,KP,10
2010,NG,8
2010,TT,7
2010,MT,7
2010,JO,7
2010,UY,6
2010,OM,6
2010,MA,6
2010,KZ,6
2010,JM,6
2010,VG,5
2010,TN,5
2010,KE,5
2010,JE,5
2010,HN,5
2010,GT,5
2010,CU,5
2010,BH,5
2010,PA,4
2010,EC,4
2010,AD,4
2010,IM,3
2010,GH,3
2010,DO,3
2010,BS,3
2010,BD,3
2010,BB,3
2010,BA,3
2010,AZ,3
2010,MM,2
2010,IQ,2
2010,GW,2
2010,GI,2
2010,DZ,2
2010,BO,2
2010,BN,2
2010,AF,2
2010,ZW,1
2010,YE,1
2010,UZ,1
2010,TZ,1
2010,SV,1
2010,SN,1
2010,SM,1
2010,PS,1
2010,NP,1
2010,NE,1
2010,LR,1
2010,LA,1
2010,KN,1
2010,HT,1
2010,GY,1
2010,GN,1
2010,GL,1
2010,GA,1
2010,FO,1
2010,ET,1
2010,CG,1
2010,CD,1
2010,AG,1
2009,US,119812
2009,JP,45054
2009,DE,15712
2009,KR,13333
2009,TW,10957
2009,CN,10114
2009,GB,7071
2009,CA,6975
2009,FR,6763
2009,CH,2902
2009,NL,2772
2009,IT,2741
2009,IL,2647
2009,IN,2536
2009,SE,2345
2009,AU,2134
2009,BE,1425
2009,AT,1238
2009,DK,1189
2009,FI,1177
2009,SG,1036
2009,ES,778
2009,IE,596
2009,NO,549
2009,RU,478
2009,BR,376
2009,NZ,358
2009,MY,279
2009,CM,204
2009,HU,184
2009,ZA,172
2009,MX,169
2009,PL,164
2009,CZ,163
2009,SA,161
2009,TR,137
2009,UG,131
2009,TH,112
2009,PE,107
2009,GR,97
2009,PT,95
2009,RO,78
2009,AR,77
2009,PH,70
2009,LU,70
2009,CL,54
2009,IR,47
2009,LI,45
2009,BG,45
2009,UA,44
2009,SI,44
2009,AE,43
2009,EE,37
2009,VE,36
2009,BM,33
2009,EG,32
2009,SK,31
2009,IS,28
2009,ID,26
2009,CO,26
2009,VN,23
2009,MU,21
2009,LB,20
2009,JO,19
2009,KW,16
2009,HR,15
2009,RS,14
2009,CY,13
2009,CU,13
2009,LT,12
2009,BY,12
2009,CR,11
2009,MA,10
2009,KY,10
2009,GE,10
2009,BS,10
2009,NG,9
2009,LV,9
2009,KZ,9
2009,JM,9
2009,PK,8
2009,KE,8
2009,UY,7
2009,MC,7
2009,LK,7
2009,QA,6
2009,IM,6
2009,DO,6
2009,SY,5
2009,EC,5
2009,AD,5
2009,TT,4
2009,TN,4
2009,MT,4
2009,GH,4
2009,AG,4
2009,OM,3
2009,LR,3
2009,KP,3
2009,JE,3
2009,AM,3
2009,TZ,2
2009,TD,2
2009,PA,2
2009,ML,2
2009,MD,2
2009,DZ,2
2009,BO,2
2009,BN,2
2009,BH,2
2009,BD,2
2009,AZ,2
2009,AF,2
2009,ZW,1
2009,ZM,1
2009,UZ,1
2009,TC,1
2009,SS,1
2009,SN,1
2009,PY,1
2009,PS,1
2009,MM,1
2009,MK,1
2009,ME,1
2009,HT,1
2009,HN,1
2009,GW,1
2009,GT,1
2009,GI,1
2009,FM,1
2009,CI,1
2009,BB,1
2009,BA,1
2009,AO,1
2009,AI,1
2008,US,124770
2008,JP,47739
2008,DE,16700
2008,KR,13712
2008,TW,10614
2008,CN,9284
2008,GB,7551
2008,CA,7187
2008,FR,6887
2008,CH,2898
2008,IT,2846
2008,IN,2668
2008,NL,2643
2008,IL,2606
2008,SE,2592
2008,AU,2523
2008,AT,1432
2008,BE,1410
2008,FI,1316
2008,SG,1065
2008,DK,1045
2008,ES,821
2008,IE,612
2008,NO,557
2008,RU,450
2008,BR,386
2008,NZ,357
2008,MY,294
2008,MX,218
2008,ZA,211
2008,CM,183
2008,HU,168
2008,CZ,159
2008,UG,151
2008,PL,141
2008,SA,140
2008,AR,127
2008,TR,114
2008,PE,113
2008,GR,109
2008,TH,106
2008,LU,98
2008,PT,94
2008,RO,75
2008,CL,60
2008,PH,59
2008,UA,49
2008,SI,49
2008,EG,44
2008,AE,44
2008,BG,43
2008,LI,38
2008,IR,37
2008,VE,35
2008,SK,35
2008,HR,27
2008,IS,24
2008,EE,24
2008,CR,23
2008,CO,23
2008,VN,22
2008,BM,20
2008,LB,19
2008,JO,19
2008,ID,19
2008,KW,18
2008,MU,17
2008,UY,14
2008,DO,14
2008,LT,12
2008,CY,12
2008,GE,11
2008,RS,10
2008,KP,10
2008,IM,10
2008,PK,9
2008,LK,9
2008,TN,8
2008,MC,8
2008,QA,7
2008,NG,7
2008,MT,7
2008,MA,7
2008,CU,7
2008,AM,7
2008,TT,6
2008,LV,6
2008,GH,6
2008,BO,6
2008,KZ,5
2008,BY,5
2008,UZ,4
2008,SY,4
2008,MD,4
2008,IQ,4
2008,EC,4
2008,CI,4
2008,BS,4
2008,AD,4
2008,KE,3
2008,GW,3
2008,GT,3
2008,BD,3
2008,BB,3
2008,ZW,2
2008,TM,2
2008,SN,2
2008,SM,2
2008,PA,2
2008,OM,2
2008,LA,2
2008,JM,2
2008,AF,2
2008,VG,1
2008,TZ,1
2008,SV,1
2008,SC,1
2008,PS,1
2008,NE,1
2008,MN,1
2008,LR,1
2008,KY,1
2008,JE,1
2008,GL,1
2008,GI,1
2008,FO,1
2008,BH,1
2008,BA,1
2008,AL,1
2008,AG,1
2007,US,126935
2007,JP,46905
2007,DE,16246
2007,KR,13676
2007,TW,9937
2007,CN,8380
2007,GB,7377
2007,CA,7008
2007,FR,6426
2007,IT,2838
2007,CH,2817
2007,NL,2604
2007,IL,2563
2007,SE,2371
2007,AU,2351
2007,IN,2175
2007,BE,1365
2007,AT,1296
2007,FI,1131
2007,SG,1065
2007,DK,926
2007,ES,808
2007,IE,564
2007,NO,510
2007,RU,422
2007,BR,322
2007,MY,303
2007,NZ,300
2007,ZA,201
2007,CM,189
2007,UG,161
2007,MX,153
2007,CZ,145
2007,HU,131
2007,PL,108
2007,TH,106
2007,SA,102
2007,AR,94
2007,PE,88
2007,PT,84
2007,GR,84
2007,LU,81
2007,TR,78
2007,RO,72
2007,PH,65
2007,UA,55
2007,ID,54
2007,LI,45
2007,SK,43
2007,EE,43
2007,IR,40
2007,CL,40
2007,AE,39
2007,SI,33
2007,HR,32
2007,BG,32
2007,VE,31
2007,IS,28
2007,CO,28
2007,CR,25
2007,EG,24
2007,VN,23
2007,MU,22
2007,JO,17
2007,LK,16
2007,LB,15
2007,BY,15
2007,KW,14
2007,IM,14
2007,PK,13
2007,BM,12
2007,NG,11
2007,CU,10
2007,SY,9
2007,RS,9
2007,KY,9
2007,KE,9
2007,GH,9
2007,BS,9
2007,MA,8
2007,LT,8
2007,CY,8
2007,UY,7
2007,TN,7
2007,PA,7
2007,LV,7
2007,MC,6
2007,GE,6
2007,GW,5
2007,DO,5
2007,BN,5
2007,AM,5
2007,VG,4
2007,QA,4
2007,MT,4
2007,BA,4
2007,AD,4
2007,TD,3
2007,LR,3
2007,LA,3
2007,KP,3
2007,JM,3
2007,JE,3
2007,GT,3
2007,EC,3
2007,TZ,2
2007,SL,2
2007,KZ,2
2007,KN,2
2007,DZ,2
2007,CI,2
2007,BZ,2
2007,BO,2
2007,BH,2
2007,BF,2
2007,BB,2
2007,AZ,2
2007,VU,1
2007,TT,1
2007,TC,1
2007,SV,1
2007,SM,1
2007,MN,1
2007,ML,1
2007,MK,1
2007,IQ,1
2007,GI,1
2007,GA,1
2007,FO,1
2007,CD,1
2007,AO,1
2007,AI,1
2007,AF,1
2006,US,120699
2006,JP,46866
2006,DE,15674
2006,KR,13503
2006,TW,9869
2006,CN,7083
2006,CA,6765
2006,GB,6523
2006,FR,6107
2006,IT,2771
2006,CH,2726
2006,NL,2702
2006,IL,2402
2006,SE,2277
2006,AU,2109
2006,IN,1793
2006,BE,1452
2006,FI,1250
2006,AT,1109
2006,SG,1016
2006,DK,924
2006,ES,791
2006,NO,490
2006,IE,481
2006,RU,474
2006,NZ,299
2006,MY,291
2006,BR,259
2006,MX,203
2006,CM,195
2006,ZA,178
2006,UG,169
2006,CZ,126
2006,PL,103
2006,HU,102
2006,SA,96
2006,PE,95
2006,LU,90
2006,AR,82
2006,TR,76
2006,GR,75
2006,TH,74
2006,PT,71
2006,PH,54
2006,UA,53
2006,BG,50
2006,SI,47
2006,CL,42
2006,RO,34
2006,IR,34
2006,VE,32
2006,ID,32
2006,AE,31
2006,IS,30
2006,LI,29
2006,HR,29
2006,KW,27
2006,SK,24
2006,MU,24
2006,EE,24
2006,CR,21
2006,VN,19
2006,JO,18
2006,CO,17
2006,EG,16
2006,LT,14
2006,BM,14
2006,LV,13
2006,PK,11
2006,BY,11
2006,CU,10
2006,CY,9
2006,UY,8
2006,NG,8
2006,LK,8
2006,QA,7
2006,MC,7
2006,IM,7
2006,GE,7
2006,LB,6
2006,TN,5
2006,ME,5
2006,KY,5
2006,JM,5
2006,IQ,5
2006,AM,5
2006,WS,4
2006,VG,4
2006,TT,4
2006,MA,4
2006,KZ,4
2006,KP,4
2006,GH,4
2006,DO,4
2006,SY,3
2006,PA,3
2006,MT,3
2006,KE,3
2006,GL,3
2006,GI,3
2006,EC,3
2006,BS,3
2006,TD,2
2006,OM,2
2006,MG,2
2006,HN,2
2006,GY,2
2006,GW,2
2006,BO,2
2006,BD,2
2006,BB,2
2006,BA,2
2006,AO,2
2006,AD,2
2006,YE,1
2006,SV,1
2006,RS,1
2006,NP,1
2006,MD,1
2006,LY,1
2006,LA,1
2006,JE,1
2006,ER,1
2006,DZ,1
2006,CF,1
2006,AZ,1
2006,AL,1
2006,AG,1
2005,US,120045
2005,JP,47282
2005,DE,15272
2005,KR,11344
2005,TW,8929
2005,GB,6571
2005,CA,6301
2005,CN,5994
2005,FR,5756
2005,IT,2649
2005,NL,2562
2005,CH,2467
2005,AU,2253
2005,IL,2163
2005,SE,1943
2005,IN,1551
2005,BE,1328
2005,FI,1173
2005,AT,1027
2005,SG,898
2005,DK,803
2005,ES,765
2005,IE,471
2005,NO,461
2005,RU,368
2005,MY,272
2005,NZ,271
2005,CM,236
2005,BR,220
2005,ZA,167
2005,MX,162
2005,UG,149
2005,HU,146
2005,PL,102
2005,TH,99
2005,PE,98
2005,CZ,93
2005,LU,72
2005,GR,71
2005,AR,71
2005,SA,64
2005,BG,64
2005,TR,61
2005,PT,53
2005,PH,44
2005,CL,44
2005,ID,41
2005,IR,40
2005,UA,39
2005,VE,33
2005,IS,30
2005,SI,28
2005,CR,28
2005,LI,27
2005,AE,27
2005,SK,26
2005,EG,24
2005,RO,23
2005,MU,23
2005,LT,18
2005,VN,17
2005,EE,17
2005,KY,16
2005,HR,16
2005,BM,16
2005,PK,13
2005,LB,11
2005,CY,11
2005,GH,10
2005,UY,9
2005,LV,8
2005,GE,8
2005,CO,8
2005,BY,8
2005,BS,8
2005,RS,7
2005,MC,7
2005,LK,6
2005,KE,6
2005,DO,6
2005,KW,5
2005,CU,5
2005,TN,4
2005,SY,4
2005,QA,4
2005,PA,4
2005,MT,4
2005,JM,4
2005,GT,4
2005,BO,4
2005,BB,4
2005,TT,3
2005,TD,3
2005,NG,3
2005,MK,3
2005,KZ,3
2005,IM,3
2005,BH,3
2005,AZ,3
2005,AF,3
2005,ZM,2
2005,MA,2
2005,HN,2
2005,GW,2
2005,AD,2
2005,UZ,1
2005,TC,1
2005,SM,1
2005,PG,1
2005,OM,1
2005,LR,1
2005,LA,1
2005,KP,1
2005,KN,1
2005,JO,1
2005,ET,1
2005,CI,1
2005,BJ,1
2005,BD,1
2005,AM,1
2004,US,119475
2004,JP,44452
2004,DE,15099
2004,KR,9887
2004,TW,9290
2004,GB,6642
2004,CA,6318
2004,CN,5527
2004,FR,5459
2004,NL,2806
2004,IT,2646
2004,CH,2382
2004,AU,2355
2004,IL,1800
2004,SE,1716
2004,IN,1451
2004,FI,1258
2004,BE,1239
2004,AT,1000
2004,SG,895
2004,DK,787
2004,ES,578
2004,IE,428
2004,NO,427
2004,RU,369
2004,MY,306
2004,NZ,274
2004,BR,249
2004,CM,235
2004,ZA,193
2004,UG,153
2004,MX,141
2004,PE,98
2004,HU,98
2004,PL,95
2004,CZ,94
2004,BG,94
2004,LU,90
2004,AR,74
2004,SA,67
2004,PH,67
2004,GR,65
2004,TH,60
2004,PT,57
2004,ID,49
2004,UA,43
2004,TR,43
2004,RO,37
2004,LT,37
2004,SI,36
2004,CL,35
2004,LI,31
2004,IR,30
2004,AE,25
2004,CO,23
2004,BM,22
2004,VE,20
2004,IS,20
2004,CR,20
2004,HR,19
2004,EG,18
2004,SK,17
2004,BY,15
2004,BS,14
2004,MC,13
2004,EE,11
2004,GH,10
2004,VN,9
2004,UY,8
2004,RS,8
2004,LK,8
2004,NG,7
2004,MU,7
2004,LV,7
2004,LA,7
2004,CY,7
2004,QA,6
2004,PK,6
2004,LB,6
2004,KY,6
2004,TD,5
2004,SY,5
2004,MA,5
2004,KZ,5
2004,KW,5
2004,BB,5
2004,AM,5
2004,KP,4
2004,IM,4
2004,HN,4
2004,EC,4
2004,CU,4
2004,GM,3
2004,GI,3
2004,BO,3
2004,UZ,2
2004,TN,2
2004,SV,2
2004,OM,2
2004,NP,2
2004,ME,2
2004,LR,2
2004,KE,2
2004,JO,2
2004,JM,2
2004,JE,2
2004,IQ,2
2004,HT,2
2004,GT,2
2004,GE,2
2004,DO,2
2004,CI,2
2004,CD,2
2004,AG,2
2004,YE,1
2004,VU,1
2004,VG,1
2004,TT,1
2004,PY,1
2004,NE,1
2004,MT,1
2004,KN,1
2004,GW,1
2004,GA,1
2004,BD,1
2004,AZ,1
2004,AD,1
2003,US,122467
2003,JP,43092
2003,DE,15147
2003,TW,8815
2003,KR,8045
2003,GB,6729
2003,CA,6127
2003,FR,5663
2003,CN,4649
2003,IT,2652
2003,NL,2524
2003,CH,2380
2003,AU,1825
2003,SE,1772
2003,IL,1639
2003,IN,1404
2003,BE,1337
2003,FI,1244
2003,AT,1003
2003,DK,835
2003,SG,755
2003,ES,640
2003,IE,424
2003,NO,421
2003,RU,387
2003,NZ,323
2003,BR,239
2003,CM,236
2003,MY,233
2003,ZA,181
2003,MX,181
2003,UG,133
2003,PE,104
2003,CZ,98
2003,HU,90
2003,LU,84
2003,PL,81
2003,AR,75
2003,GR,68
2003,SA,65
2003,TH,61
2003,IR,53
2003,PH,49
2003,TR,47
2003,PT,43
2003,IS,43
2003,SI,42
2003,LI,42
2003,UA,40
2003,BG,32
2003,RO,31
2003,CL,31
2003,LT,28
2003,AE,26
2003,ID,25
2003,HR,24
2003,VE,22
2003,SK,18
2003,MU,18
2003,BM,18
2003,CO,16
2003,BS,16
2003,GH,13
2003,EG,13
2003,QA,12
2003,NG,11
2003,MC,10
2003,CR,8
2003,SY,7
2003,GE,7
2003,CY,7
2003,VN,6
2003,PK,6
2003,JM,6
2003,EE,6
2003,CU,6
2003,TN,5
2003,LV,5
2003,KW,5
2003,KP,5
2003,OM,4
2003,LK,4
2003,LB,4
2003,KZ,4
2003,HN,4
2003,GI,4
2003,DO,4
2003,CD,4
2003,TT,3
2003,RS,3
2003,MT,3
2003,MA,3
2003,KY,3
2003,KE,3
2003,IM,3
2003,GW,3
2003,EC,3
2003,DZ,3
2003,BY,3
2003,AM,3
2003,AD,3
2003,ZW,2
2003,SM,2
2003,JO,2
2003,IQ,2
2003,BD,2
2003,VG,1
2003,UY,1
2003,TD,1
2003,SV,1
2003,SR,1
2003,SN,1
2003,PY,1
2003,NP,1
2003,MG,1
2003,MD,1
2003,LR,1
2003,LA,1
2003,KH,1
2003,KG,1
2003,JE,1
2003,DM,1
2003,BF,1
2003,BB,1
2003,BA,1
2003,AF,1
2002,US,124705
2002,JP,44517
2002,DE,18153
2002,TW,8554
2002,GB,7455
2002,KR,6870
2002,FR,6373
2002,CA,6353
2002,CN,4531
2002,IT,2867
2002,CH,2781
2002,NL,2646
2002,SE,2225
2002,AU,2012
2002,IL,1868
2002,FI,1494
2002,BE,1380
2002,AT,1229
2002,IN,1203
2002,DK,904
2002,SG,872
2002,ES,743
2002,NO,525
2002,IE,441
2002,RU,415
2002,BR,289
2002,NZ,287
2002,CM,246
2002,ZA,208
2002,MY,176
2002,MX,150
2002,UG,145
2002,HU,135
2002,LU,100
2002,PL,98
2002,PE,94
2002,SA,89
2002,AR,83
2002,CZ,81
2002,GR,79
2002,TH,72
2002,UA,67
2002,PH,54
2002,TR,53
2002,LI,47
2002,PT,41
2002,IR,41
2002,SI,40
2002,VE,39
2002,CL,39
2002,ID,32
2002,IS,27
2002,AE,26
2002,BM,25
2002,BG,24
2002,HR,22
2002,EG,21
2002,MU,19
2002,CO,18
2002,BS,18
2002,RO,17
2002,SK,16
2002,MC,14
2002,BY,14
2002,LK,13
2002,KY,12
2002,CY,12
2002,CR,12
2002,VN,11
2002,NG,11
2002,LT,10
2002,KE,10
2002,LB,9
2002,GH,9
2002,GE,9
2002,EE,9
2002,CU,9
2002,CD,8
2002,VG,7
2002,QA,7
2002,LA,7
2002,KW,7
2002,KP,7
2002,TC,6
2002,RS,6
2002,PK,6
2002,MT,6
2002,LV,5
2002,UY,4
2002,TD,4
2002,MA,4
2002,EC,4
2002,BO,4
2002,ZW,3
2002,JO,3
2002,JM,3
2002,IQ,3
2002,HN,3
2002,DO,3
2002,AM,3
2002,AD,3
2002,UZ,2
2002,TN,2
2002,SY,2
2002,ML,2
2002,GI,2
2002,DZ,2
2002,TZ,1
2002,SV,1
2002,SN,1
2002,SM,1
2002,PW,1
2002,PA,1
2002,OM,1
2002,MD,1
2002,LY,1
2002,LR,1
2002,KZ,1
2002,KN,1
2002,GW,1
2002,GT,1
2002,GM,1
2002,CI,1
2002,BT,1
2002,AO,1
2002,AF,1
2001,US,123660
2001,JP,46676
2001,DE,18298
2001,GB,7711
2001,TW,7296
2001,FR,6564
2001,CA,6191
2001,KR,5721
2001,CN,3847
2001,IT,2955
2001,CH,2800
2001,NL,2649
2001,SE,2518
2001,IL,2002
2001,AU,1896
2001,FI,1653
2001,BE,1373
2001,AT,1140
2001,DK,990
2001,IN,949
2001,SG,791
2001,ES,723
2001,NO,535
2001,RU,443
2001,IE,388
2001,NZ,322
2001,ZA,262
2001,CM,239
2001,BR,220
2001,MX,177
2001,MY,143
2001,UG,137
2001,LU,127
2001,PE,113
2001,HU,111
2001,AR,106
2001,CZ,98
2001,TH,88
2001,SA,78
2001,UA,71
2001,PL,64
2001,PH,63
2001,GR,60
2001,IR,47
2001,VE,42
2001,TR,41
2001,PT,37
2001,LI,33
2001,CL,31
2001,SI,30
2001,BM,27
2001,RO,24
2001,IS,24
2001,MC,23
2001,EG,22
2001,HR,21
2001,SK,19
2001,CY,19
2001,CO,18
2001,BG,18
2001,ID,16
2001,MU,15
2001,LT,15
2001,AE,15
2001,LK,13
2001,BY,13
2001,VN,12
2001,GH,12
2001,BS,12
2001,NG,11
2001,EE,11
2001,LV,10
2001,GT,9
2001,MT,8
2001,KY,8
2001,AM,8
2001,LA,7
2001,KW,7
2001,GE,7
2001,CU,7
2001,UY,6
2001,TC,6
2001,PK,6
2001,KE,6
2001,JO,6
2001,VG,5
2001,QA,5
2001,HN,5
2001,BD,5
2001,BB,5
2001,RS,4
2001,LR,4
2001,LB,4
2001,CR,4
2001,CD,4
2001,AF,4
2001,ZW,3
2001,SV,3
2001,PA,3
2001,MA,3
2001,KZ,3
2001,KN,3
2001,AZ,3
2001,WS,2
2001,TN,2
2001,TD,2
2001,SY,2
2001,SS,2
2001,SL,2
2001,ML,2
2001,MG,2
2001,IQ,2
2001,DO,2
2001,BN,2
2001,BA,2
2001,AG,2
2001,ZM,1
2001,TZ,1
2001,TT,1
2001,OM,1
2001,NP,1
2001,NI,1
2001,KP,1
2001,JM,1
2001,JE,1
2001,GW,1
2001,ET,1
2001,EC,1
2001,DZ,1
2001,DM,1
2001,CI,1
2001,BO,1
2001,BH,1
2001,AI,1
2001,AD,1
2000,US,120820
2000,JP,41801
2000,DE,16118
2000,GB,7003
2000,TW,6392
2000,FR,6306
2000,CA,5940
2000,KR,4940
2000,CN,3217
2000,CH,2591
2000,IT,2544
2000,SE,2479
2000,NL,2254
2000,AU,1841
2000,IL,1814
2000,FI,1458
2000,BE,1316
2000,AT,924
2000,DK,790
2000,SG,731
2000,IN,714
2000,ES,564
2000,NO,451
2000,RU,394
2000,IE,387
2000,NZ,307
2000,BR,225
2000,CM,187
2000,ZA,179
2000,MX,154
2000,MY,136
2000,TH,124
2000,HU,106
2000,LU,104
2000,UG,93
2000,PE,87
2000,AR,80
2000,CZ,76
2000,GR,60
2000,UA,58
2000,PL,57
2000,PH,56
2000,SA,54
2000,VE,48
2000,IR,47
2000,PT,37
2000,LI,33
2000,TR,31
2000,SI,27
2000,MC,25
2000,VN,24
2000,IS,24
2000,SK,21
2000,CL,20
2000,BM,20
2000,CR,17
2000,RO,16
2000,EE,16
2000,CO,16
2000,ID,15
2000,HR,15
2000,GH,15
2000,EG,15
2000,BS,15
2000,CY,13
2000,AE,13
2000,BG,12
2000,NG,11
2000,MA,10
2000,CU,10
2000,MU,9
2000,BY,9
2000,KW,8
2000,LK,7
2000,LB,7
2000,TN,5
2000,SY,5
2000,LT,5
2000,KP,5
2000,TD,4
2000,TC,4
2000,RS,4
2000,LV,4
2000,KY,4
2000,IQ,4
2000,GE,4
2000,ZW,3
2000,UY,3
2000,TT,3
2000,PK,3
2000,MG,3
2000,KZ,3
2000,KE,3
2000,GT,3
2000,AF,3
2000,SV,2
2000,QA,2
2000,PA,2
2000,OM,2
2000,NP,2
2000,MT,2
2000,LA,2
2000,KN,2
2000,JO,2
2000,HN,2
2000,DZ,2
2000,DM,2
2000,CI,2
2000,BA,2
2000,AM,2
2000,AD,2
2000,VG,1
2000,UZ,1
2000,SR,1
2000,SM,1
2000,PS,1
2000,MK,1
2000,KG,1
2000,JM,1
2000,JE,1
2000,GL,1
2000,EC,1
2000,DO,1
2000,BT,1
2000,BO,1
2000,BD,1
2000,AZ,1
2000,AO,1
2000,AI,1
1999,US,113095
1999,JP,36437
1999,DE,14782
1999,TW,6829
1999,GB,6395
1999,FR,5671
1999,CA,5357
1999,KR,4212
1999,CN,2636
1999,CH,2286
1999,IT,2274
1999,SE,2226
1999,NL,1993
1999,IL,1499
1999,AU,1428
1999,BE,1218
1999,FI,1177
1999,AT,861
1999,DK,759
1999,SG,575
1999,IN,529
1999,ES,480
1999,NO,405
1999,RU,388
1999,IE,336
1999,NZ,223
1999,ZA,184
1999,BR,179
1999,CM,158
1999,MX,151
1999,UG,114
1999,MY,95
1999,HU,94
1999,CZ,85
1999,LU,83
1999,PE,70
1999,TH,59
1999,PL,55
1999,GR,55
1999,AR,54
1999,SA,48
1999,IR,47
1999,UA,41
1999,VE,38
1999,TR,37
1999,PT,37
1999,IS,31
1999,PH,27
1999,SI,26
1999,LI,26
1999,ID,25
1999,CL,25
1999,BM,24
1999,CO,18
1999,BG,17
1999,EG,16
1999,SK,14
1999,CR,14
1999,BS,14
1999,MU,13
1999,KY,13
1999,GH,13
1999,BY,13
1999,VN,12
1999,NG,11
1999,LK,11
1999,GE,11
1999,SY,9
1999,MC,9
1999,EE,9
1999,CY,9
1999,RO,8
1999,LA,8
1999,KZ,7
1999,HR,7
1999,CU,7
1999,IQ,6
1999,EC,6
1999,AE,6
1999,WS,5
1999,PA,5
1999,MA,5
1999,LB,5
1999,JO,5
1999,JM,5
1999,UY,4
1999,LT,4
1999,TN,3
1999,QA,3
1999,KW,3
1999,KN,3
1999,HN,3
1999,DO,3
1999,BO,3
1999,AZ,3
1999,UZ,2
1999,TZ,2
1999,TD,2
1999,TC,2
1999,SV,2
1999,PK,2
1999,LV,2
1999,KE,2
1999,DM,2
1999,AD,2
1999,VG,1
1999,SR,1
1999,SN,1
1999,RS,1
1999,PW,1
1999,NE,1
1999,MT,1
1999,MM,1
1999,ML,1
1999,MG,1
1999,LY,1
1999,KG,1
1999,GT,1
1999,GM,1
1999,CI,1
1999,CD,1
1999,BT,1
1999,BH,1
1999,AF,1
1998,US,106201
1998,JP,35224
1998,DE,12594
1998,GB,5729
1998,TW,5464
1998,CA,5232
1998,FR,4983
1998,KR,4317
1998,SE,2176
1998,CH,2087
1998,CN,2079
1998,IT,2056
1998,NL,1806
1998,AU,1377
1998,IL,1228
1998,BE,1087
1998,FI,886
1998,AT,747
1998,DK,722
1998,ES,421
1998,SG,394
1998,IN,389
1998,RU,306
1998,NO,298
1998,IE,298
1998,NZ,219
1998,ZA,173
1998,BR,154
1998,CM,140
1998,MX,125
1998,UG,104
1998,HU,76
1998,LU,73
1998,CZ,69
1998,AR,66
1998,MY,61
1998,TH,59
1998,GR,55
1998,VE,50
1998,PE,49
1998,PL,44
1998,SA,43
1998,IR,42
1998,UA,39
1998,LI,37
1998,PT,26
1998,TR,25
1998,SI,25
1998,PH,25
1998,IS,23
1998,BM,20
1998,VN,19
1998,RO,18
1998,MU,18
1998,CR,18
1998,BG,18
1998,MC,17
1998,CL,17
1998,ID,15
1998,BS,15
1998,EG,14
1998,SK,13
1998,HR,13
1998,GH,13
1998,CO,13
1998,KW,11
1998,IQ,11
1998,AE,11
1998,NG,9
1998,EE,9
1998,LV,8
1998,RS,7
1998,LK,7
1998,GE,7
1998,BY,7
1998,PA,5
1998,KY,5
1998,DZ,5
1998,CU,5
1998,MA,4
1998,KZ,4
1998,UZ,3
1998,SY,3
1998,MT,3
1998,LB,3
1998,LA,3
1998,KP,3
1998,KN,3
1998,CY,3
1998,BO,3
1998,AM,3
1998,TC,2
1998,QA,2
1998,MG,2
1998,KE,2
1998,JO,2
1998,EC,2
1998,BH,2
1998,AZ,2
1998,ZW,1
1998,ZM,1
1998,WS,1
1998,UY,1
1998,TN,1
1998,TD,1
1998,PY,1
1998,PK,1
1998,PG,1
1998,LT,1
1998,KG,1
1998,JE,1
1998,HN,1
1998,GY,1
1998,GT,1
1998,GA,1
1998,DO,1
1998,BZ,1
1998,BA,1
1998,AL,1
1998,AG,1
1998,AF,1
1997,US,106300
1997,JP,37576
1997,DE,12236
1997,GB,5502
1997,FR,4941
1997,CA,4849
1997,TW,4225
1997,KR,4118
1997,SE,2050
1997,IT,2048
1997,CH,2017
1997,NL,1892
1997,CN,1743
1997,AU,1157
1997,IL,1083
1997,BE,1027
1997,FI,891
1997,AT,700
1997,DK,648
1997,ES,416
1997,SG,356
1997,IN,323
1997,NO,301
1997,RU,293
1997,IE,233
1997,NZ,197
1997,ZA,155
1997,CM,152
1997,BR,148
1997,MX,138
1997,UG,102
1997,LU,87
1997,HU,78
1997,MY,72
1997,CZ,62
1997,PE,59
1997,AR,54
1997,PH,52
1997,TH,49
1997,PL,47
1997,SA,46
1997,VE,45
1997,LI,40
1997,IR,40
1997,UA,29
1997,GR,27
1997,CL,24
1997,SI,23
1997,SK,20
1997,PT,20
1997,EG,18
1997,HR,17
1997,CR,15
1997,VN,14
1997,TR,14
1997,RO,13
1997,MC,13
1997,MA,13
1997,BG,12
1997,KW,11
1997,PK,9
1997,NG,9
1997,MU,9
1997,IS,9
1997,GH,9
1997,BM,9
1997,KY,8
1997,ID,8
1997,CY,8
1997,CO,8
1997,BY,8
1997,AE,8
1997,PA,7
1997,BS,7
1997,UY,6
1997,LT,6
1997,LV,5
1997,IQ,5
1997,EE,5
1997,CU,5
1997,UZ,4
1997,SY,4
1997,LA,4
1997,KZ,4
1997,KN,4
1997,AM,4
1997,QA,3
1997,LK,3
1997,KP,3
1997,ZW,2
1997,TD,2
1997,LB,2
1997,JM,2
1997,GE,2
1997,EC,2
1997,BO,2
1997,AZ,2
1997,AI,2
1997,AD,2
1997,YE,1
1997,VG,1
1997,TT,1
1997,TN,1
1997,SV,1
1997,SR,1
1997,SM,1
1997,RS,1
1997,PG,1
1997,OM,1
1997,NP,1
1997,NI,1
1997,NE,1
1997,MN,1
1997,MM,1
1997,ML,1
1997,LY,1
1997,LR,1
1997,KE,1
1997,JO,1
1997,HT,1
1997,GY,1
1997,GI,1
1997,DZ,1
1997,DO,1
1997,CI,1
1997,CF,1
1997,BT,1
1997,BD,1
1996,US,91043
1996,JP,32399
1996,DE,10310
1996,GB,4753
1996,FR,4283
1996,CA,4031
1996,KR,3772
1996,TW,3563
1996,IT,1816
1996,CH,1778
1996,NL,1579
1996,SE,1440
1996,CN,1343
1996,AU,1026
1996,BE,977
1996,IL,916
1996,FI,781
1996,AT,614
1996,DK,540
1996,ES,334
1996,RU,284
1996,SG,274
1996,NO,241
1996,IN,216
1996,IE,167
1996,NZ,164
1996,ZA,150
1996,CM,132
1996,UG,125
1996,BR,122
1996,PE,117
1996,MX,106
1996,HU,63
1996,AR,57
1996,LU,53
1996,MY,52
1996,PH,44
1996,CZ,43
1996,PL,42
1996,GR,36
1996,IR,35
1996,VE,33
1996,TH,32
1996,CL,29
1996,SA,28
1996,UA,25
1996,LI,22
1996,TR,20
1996,MC,20
1996,SI,17
1996,PT,17
1996,KY,15
1996,MU,13
1996,HR,13
1996,GH,13
1996,BM,12
1996,IS,11
1996,ID,11
1996,CO,11
1996,BS,11
1996,BY,10
1996,BG,9
1996,VN,8
1996,SK,8
1996,CY,7
1996,RO,6
1996,LA,6
1996,GT,6
1996,CR,6
1996,AE,6
1996,LV,5
1996,KP,5
1996,IQ,5
1996,CU,5
1996,AM,5
1996,VG,4
1996,PK,4
1996,BO,4
1996,UY,3
1996,RS,3
1996,NG,3
1996,LK,3
1996,LB,3
1996,JO,3
1996,JM,3
1996,EE,3
1996,EC,3
1996,AD,3
1996,UZ,2
1996,TD,2
1996,QA,2
1996,NP,2
1996,MT,2
1996,MM,2
1996,ML,2
1996,MA,2
1996,KN,2
1996,KE,2
1996,IM,2
1996,GE,2
1996,EG,2
1996,DO,2
1996,CD,2
1996,BB,2
1996,ZW,1
1996,YE,1
1996,TT,1
1996,SY,1
1996,PY,1
1996,PA,1
1996,MN,1
1996,MD,1
1996,KZ,1
1996,GN,1
1996,BT,1
1996,AF,1
1995,US,94523
1995,JP,30674
1995,DE,10136
1995,GB,4807
1995,FR,4501
1995,CA,4273
1995,TW,2939
1995,KR,2395
1995,CH,1986
1995,IT,1885
1995,NL,1459
1995,SE,1408
1995,CN,1126
1995,AU,1026
1995,BE,1000
1995,IL,939
1995,DK,677
1995,FI,658
1995,AT,627
1995,ES,306
1995,RU,257
1995,NO,245
1995,IN,210
1995,SG,209
1995,IE,185
1995,NZ,168
1995,CM,141
1995,ZA,127
1995,BR,114
1995,UG,108
1995,MX,103
1995,HU,78
1995,PE,58
1995,MY,58
1995,PL,53
1995,CZ,52
1995,LU,47
1995,PH,44
1995,IR,39
1995,AR,39
1995,SA,37
1995,ID,36
1995,GR,36
1995,VE,35
1995,BG,27
1995,SK,23
1995,LI,22
1995,UA,21
1995,TR,21
1995,TH,21
1995,CL,16
1995,KY,14
1995,CR,14
1995,BM,14
1995,CO,13
1995,BS,13
1995,SI,12
1995,LA,12
1995,VN,11
1995,PT,11
1995,MU,11
1995,IQ,10
1995,HR,10
1995,MC,9
1995,EG,9
1995,BY,9
1995,AE,9
1995,NG,8
1995,IS,8
1995,RO,5
1995,KN,5
1995,GE,5
1995,EE,5
1995,EC,5
1995,RS,4
1995,ML,4
1995,KE,4
1995,JO,4
1995,GT,4
1995,TT,3
1995,SV,3
1995,PK,3
1995,KW,3
1995,JM,3
1995,JE,3
1995,GH,3
1995,CY,3
1995,BO,3
1995,BH,3
1995,UZ,2
1995,UY,2
1995,PA,2
1995,MA,2
1995,LV,2
1995,LK,2
1995,KP,2
1995,CU,2
1995,ZW,1
1995,YE,1
1995,WS,1
1995,VG,1
1995,TC,1
1995,SY,1
1995,QA,1
1995,NP,1
1995,NE,1
1995,MT,1
1995,MM,1
1995,MG,1
1995,ME,1
1995,LY,1
1995,LB,1
1995,KG,1
1995,HT,1
1995,HN,1
1995,CD,1
1995,BD,1
1995,AZ,1
1995,AD,1
1994,US,79685
1994,JP,27469
1994,DE,8945
1994,GB,3905
1994,FR,3851
1994,CA,3496
1994,TW,2417
1994,KR,1869
1994,CH,1723
1994,IT,1640
1994,NL,1223
1994,SE,1215
1994,CN,858
1994,AU,837
1994,IL,825
1994,BE,744
1994,FI,565
1994,AT,560
1994,DK,466
1994,ES,276
1994,NO,189
1994,IN,172
1994,RU,171
1994,SG,170
1994,IE,169
1994,ZA,161
1994,NZ,157
1994,BR,140
1994,CM,134
1994,MX,85
1994,UG,74
1994,HU,64
1994,LU,58
1994,AR,51
1994,MY,39
1994,PL,37
1994,PE,36
1994,CZ,35
1994,IR,34
1994,VE,33
1994,GR,31
1994,TH,26
1994,UA,25
1994,SA,21
1994,LI,19
1994,PH,18
1994,CO,18
1994,CL,17
1994,CR,12
1994,SI,11
1994,PT,11
1994,LA,11
1994,EE,10
1994,BM,10
1994,BG,10
1994,MU,9
1994,KY,9
1994,HR,9
1994,PA,8
1994,NG,8
1994,ID,8
1994,TR,7
1994,SK,7
1994,IS,7
1994,EG,7
1994,BS,7
1994,RS,6
1994,CU,6
1994,BY,6
1994,AE,6
1994,RO,5
1994,MC,5
1994,VN,4
1994,TT,4
1994,LS,3
1994,KE,3
1994,IQ,3
1994,HN,3
1994,BO,3
1994,AD,3
1994,ZW,2
1994,UZ,2
1994,UY,2
1994,TN,2
1994,PK,2
1994,NE,2
1994,ML,2
1994,LV,2
1994,LK,2
1994,JM,2
1994,JE,2
1994,GH,2
1994,GE,2
1994,EC,2
1994,DO,2
1994,AM,2
1994,YE,1
1994,TZ,1
1994,SC,1
1994,MT,1
1994,MN,1
1994,MG,1
1994,LB,1
1994,KN,1
1994,KG,1
1994,JO,1
1994,GW,1
1994,GT,1
1994,GD,1
1994,DZ,1
1994,DM,1
1994,CY,1
1994,CK,1
1994,CI,1
1994,AF,1
1993,US,70156
1993,JP,23553
1993,DE,8006
1993,GB,3474
1993,FR,3442
1993,CA,3084
1993,TW,1989
1993,CH,1534
1993,IT,1437
1993,KR,1263
1993,NL,1140
1993,SE,1029
1993,AU,757
1993,CN,723
1993,BE,586
1993,IL,585
1993,AT,474
1993,FI,432
1993,DK,371
1993,ES,224
1993,NO,174
1993,ZA,156
1993,SG,136
1993,RU,133
1993,IN,132
1993,CM,127
1993,IE,119
1993,BR,98
1993,NZ,94
1993,MX,72
1993,UG,71
1993,HU,58
1993,AR,50
1993,VE,38
1993,LU,37
1993,MY,36
1993,IR,35
1993,PE,32
1993,PL,31
1993,CZ,27
1993,PH,26
1993,SA,21
1993,LI,19
1993,GR,19
1993,UA,16
1993,TH,16
1993,CL,13
1993,RO,12
1993,SI,11
1993,BG,11
1993,MU,10
1993,BS,9
1993,BM,9
1993,TR,7
1993,MC,7
1993,ID,7
1993,HR,7
1993,GH,7
1993,CR,7
1993,NG,6
1993,EG,6
1993,BY,6
1993,SK,5
1993,PT,5
1993,KY,5
1993,EE,5
1993,RS,4
1993,LA,4
1993,KE,4
1993,JE,4
1993,IS,4
1993,IQ,4
1993,CO,4
1993,YE,3
1993,VN,3
1993,TT,3
1993,QA,3
1993,PK,3
1993,MA,3
1993,GE,3
1993,EC,3
1993,AE,3
1993,VG,2
1993,UY,2
1993,TD,2
1993,SY,2
1993,PA,2
1993,NE,2
1993,MM,2
1993,LV,2
1993,LT,2
1993,JM,2
1993,ZW,1
1993,SM,1
1993,NI,1
1993,MT,1
1993,LY,1
1993,LK,1
1993,KW,1
1993,JO,1
1993,HN,1
1993,GT,1
1993,DO,1
1993,CY,1
1993,CU,1
1993,CI,1
1993,CD,1
1993,AZ,1
1993,AM,1
1992,US,66090
1992,JP,23980
1992,DE,7977
1992,FR,3388
1992,GB,3050
1992,CA,2723
1992,TW,1606
1992,CH,1520
1992,IT,1501
1992,KR,1133
1992,NL,1065
1992,SE,846
1992,AU,717
1992,CN,570
1992,BE,538
1992,IL,505
1992,AT,443
1992,FI,388
1992,DK,291
1992,ES,226
1992,NO,158
1992,SG,130
1992,IN,127
1992,IE,115
1992,CM,109
1992,ZA,107
1992,RU,94
1992,BR,81
1992,NZ,79
1992,MX,72
1992,HU,67
1992,UG,63
1992,LU,45
1992,VE,39
1992,IR,34
1992,AR,28
1992,PE,27
1992,CZ,27
1992,GR,24
1992,LI,23
1992,MY,22
1992,SA,21
1992,PL,19
1992,CL,19
1992,PH,17
1992,SI,14
1992,ID,14
1992,CO,14
1992,UA,11
1992,TH,11
1992,CR,11
1992,BG,11
1992,IS,9
1992,PT,8
1992,MC,8
1992,AE,8
1992,SK,7
1992,RO,7
1992,NG,7
1992,MU,7
1992,HR,6
1992,GH,6
1992,CY,6
1992,BS,6
1992,BM,6
1992,KY,5
1992,EG,5
1992,TR,4
1992,MT,4
1992,LA,4
1992,KE,4
1992,RS,3
1992,PK,3
1992,OM,3
1992,EC,3
1992,CU,3
1992,BY,3
1992,AM,3
1992,ZW,2
1992,VG,2
1992,UZ,2
1992,UY,2
1992,PA,2
1992,MN,2
1992,MM,2
1992,MA,2
1992,KW,2
1992,JE,2
1992,IQ,2
1992,EE,2
1992,BT,2
1992,VN,1
1992,TT,1
1992,QA,1
1992,NE,1
1992,LC,1
1992,LB,1
1992,KZ,1
1992,KP,1
1992,KG,1
1992,JM,1
1992,GT,1
1992,FO,1
1992,DZ,1
1992,DO,1
1992,DM,1
1992,CI,1
1992,CD,1
1992,BN,1
1992,BH,1
1991,US,62926
1991,JP,23813
1991,DE,7846
1991,FR,3444
1991,GB,2937
1991,CA,2748
1991,CH,1537
1991,IT,1455
1991,TW,1454
1991,NL,1059
1991,KR,970
1991,SE,819
1991,AU,626
1991,BE,488
1991,IL,476
1991,AT,469
1991,CN,460
1991,FI,390
1991,DK,291
1991,ES,188
1991,NO,145
1991,CM,109
1991,ZA,107
1991,IE,107
1991,SG,96
1991,IN,83
1991,HU,79
1991,BR,75
1991,NZ,74
1991,RU,73
1991,MX,62
1991,UG,52
1991,LU,46
1991,PE,36
1991,VE,33
1991,MY,32
1991,PH,31
1991,IR,30
1991,TH,29
1991,AR,29
1991,PL,22
1991,GR,21
1991,LI,20
1991,CZ,20
1991,SA,17
1991,BG,15
1991,LA,12
1991,UA,11
1991,BM,10
1991,SK,9
1991,NG,9
1991,HR,9
1991,CL,9
1991,PT,8
1991,ID,8
1991,SI,7
1991,GH,7
1991,EG,7
1991,EE,6
1991,CO,6
1991,BS,6
1991,RS,5
1991,KY,5
1991,IS,5
1991,MU,4
1991,MC,4
1991,AE,4
1991,UZ,3
1991,TR,3
1991,LV,3
1991,KE,3
1991,IQ,3
1991,CU,3
1991,BY,3
1991,UY,2
1991,TZ,2
1991,TD,2
1991,PA,2
1991,MK,2
1991,LT,2
1991,LK,2
1991,GE,2
1991,EC,2
1991,DZ,2
1991,BT,2
1991,BF,2
1991,BB,2
1991,ZM,1
1991,YE,1
1991,TT,1
1991,SS,1
1991,RO,1
1991,PG,1
1991,NI,1
1991,NE,1
1991,MT,1
1991,MA,1
1991,LR,1
1991,LB,1
1991,KG,1
1991,JM,1
1991,JE,1
1991,HN,1
1991,GT,1
1991,DO,1
1991,CY,1
1991,CR,1
1991,CD,1
1991,BN,1
1991,BD,1
1991,BA,1
1991,AZ,1
1990,US,61760
1990,JP,23060
1990,DE,8397
1990,FR,3457
1990,GB,3248
1990,CA,2556
1990,CH,1560
1990,IT,1499
1990,TW,1162
1990,NL,1154
1990,SE,792
1990,KR,695
1990,AU,644
1990,AT,510
1990,BE,488
1990,IL,423
1990,CN,419
1990,FI,414
1990,DK,339
1990,ES,190
1990,NO,135
1990,ZA,128
1990,RU,102
1990,HU,100
1990,IE,99
1990,CM,95
1990,IN,87
1990,NZ,86
1990,SG,74
1990,MX,63
1990,BR,60
1990,LU,49
1990,UG,48
1990,IR,41
1990,PE,37
1990,VE,35
1990,BG,34
1990,AR,34
1990,PH,29
1990,CZ,26
1990,LI,20
1990,MY,19
1990,GR,18
1990,SA,17
1990,UA,16
1990,PL,16
1990,PT,13
1990,RS,12
1990,TH,11
1990,MC,11
1990,CL,11
1990,BM,11
1990,SK,10
1990,LA,10
1990,IQ,10
1990,LV,9
1990,GH,9
1990,CO,9
1990,TR,7
1990,KY,7
1990,CR,7
1990,SI,6
1990,JE,6
1990,ID,6
1990,EE,6
1990,BS,6
1990,AE,6
1990,UZ,5
1990,NG,5
1990,EG,5
1990,EC,5
1990,BY,5
1990,TT,4
1990,KZ,4
1990,HR,4
1990,DZ,4
1990,SV,3
1990,MU,3
1990,LT,3
1990,LK,3
1990,ZW,2
1990,PA,2
1990,ME,2
1990,KP,2
1990,IS,2
1990,GE,2
1990,CD,2
1990,UY,1
1990,TN,1
1990,TJ,1
1990,TD,1
1990,SY,1
1990,QA,1
1990,PK,1
1990,OM,1
1990,MT,1
1990,ML,1
1990,LR,1
1990,LB,1
1990,KG,1
1990,JO,1
1990,JM,1
1990,HT,1
1990,GT,1
1990,DO,1
1990,CY,1
1990,BN,1
1990,BH,1
1990,BF,1
1990,BA,1
1990,AD,1
1989,US,57602
1989,JP,22835
1989,DE,8596
1989,GB,3421
1989,FR,3360
1989,CA,2623
1989,CH,1737
1989,IT,1454
1989,NL,1210
1989,TW,924
1989,SE,860
1989,AU,650
1989,KR,575
1989,BE,488
1989,AT,472
1989,IL,424
1989,CN,351
1989,FI,350
1989,DK,274
1989,ES,186
1989,ZA,145
1989,RU,124
1989,NO,118
1989,CM,112
1989,IE,103
1989,HU,103
1989,BR,101
1989,NZ,95
1989,IN,74
1989,MX,57
1989,SG,56
1989,UG,46
1989,PH,41
1989,LU,39
1989,BG,39
1989,PE,33
1989,IR,33
1989,CZ,32
1989,VE,22
1989,PL,19
1989,LI,19
1989,AR,17
1989,GR,16
1989,BM,16
1989,SA,15
1989,UA,14
1989,MY,14
1989,TH,13
1989,SK,12
1989,KY,12
1989,PT,11
1989,ID,11
1989,CL,11
1989,BY,10
1989,SI,9
1989,NG,8
1989,EE,8
1989,UZ,6
1989,TR,6
1989,RS,6
1989,HR,5
1989,CO,5
1989,MU,4
1989,MC,4
1989,GH,4
1989,BS,4
1989,AE,4
1989,UY,3
1989,SY,3
1989,PK,3
1989,LA,3
1989,IS,3
1989,EC,3
1989,BT,3
1989,TN,2
1989,TJ,2
1989,RO,2
1989,NE,2
1989,ME,2
1989,KZ,2
1989,KP,2
1989,JE,2
1989,GT,2
1989,EG,2
1989,CY,2
1989,CU,2
1989,AM,2
1989,ZW,1
1989,VN,1
1989,VG,1
1989,TD,1
1989,SC,1
1989,PA,1
1989,NP,1
1989,MN,1
1989,MM,1
1989,MK,1
1989,MG,1
1989,LV,1
1989,LT,1
1989,LR,1
1989,LB,1
1989,KW,1
1989,KG,1
1989,JO,1
1989,JM,1
1989,IQ,1
1989,IM,1
1989,DO,1
1989,CR,1
1989,BB,1
1989,AG,1
1988,US,54286
1988,JP,20865
1988,DE,8392
1988,FR,3325
1988,GB,3170
1988,CA,2449
1988,CH,1615
1988,IT,1520
1988,NL,1164
1988,SE,808
1988,TW,758
1988,AU,653
1988,AT,490
1988,BE,450
1988,IL,379
1988,KR,351
1988,FI,320
1988,CN,284
1988,DK,265
1988,ES,157
1988,NO,142
1988,CM,113
1988,ZA,112
1988,HU,110
1988,IE,108
1988,RU,102
1988,NZ,77
1988,IN,76
1988,BR,71
1988,SG,55
1988,MX,54
1988,UG,48
1988,BG,47
1988,LU,42
1988,IR,41
1988,PE,37
1988,CZ,31
1988,PL,27
1988,UA,26
1988,PH,24
1988,GR,22
1988,AR,21
1988,ID,20
1988,VE,19
1988,LI,18
1988,SA,14
1988,MY,14
1988,BM,12
1988,PT,11
1988,UZ,10
1988,MC,10
1988,EE,10
1988,SI,9
1988,NG,9
1988,BY,9
1988,TH,8
1988,GE,8
1988,SK,7
1988,LA,7
1988,BS,7
1988,KY,6
1988,GH,6
1988,CO,6
1988,IS,5
1988,CL,5
1988,RS,4
1988,MU,4
1988,LV,4
1988,TT,3
1988,TR,3
1988,IQ,3
1988,HR,3
1988,CY,3
1988,YE,2
1988,VN,2
1988,UY,2
1988,TJ,2
1988,RO,2
1988,MT,2
1988,LT,2
1988,KP,2
1988,JE,2
1988,GT,2
1988,EG,2
1988,EC,2
1988,AE,2
1988,VG,1
1988,TN,1
1988,TD,1
1988,TC,1
1988,SS,1
1988,PK,1
1988,MD,1
1988,MA,1
1988,LR,1
1988,LK,1
1988,LC,1
1988,LB,1
1988,KZ,1
1988,JM,1
1988,HT,1
1988,HN,1
1988,FO,1
1988,DZ,1
1988,CR,1
1988,CD,1
1988,BA,1
1988,AF,1
1987,US,49272
1987,JP,17879
1987,DE,8053
1987,GB,3100
1987,FR,3047
1987,CA,2210
1987,CH,1533
1987,IT,1411
1987,NL,1028
1987,SE,836
1987,AU,637
1987,TW,617
1987,AT,443
1987,BE,411
1987,IL,349
1987,FI,315
1987,KR,288
1987,CN,252
1987,DK,247
1987,ES,151
1987,ZA,145
1987,NO,144
1987,HU,112
1987,RU,110
1987,NZ,92
1987,IE,87
1987,CM,71
1987,BR,63
1987,UG,52
1987,MX,49
1987,LU,45
1987,IN,44
1987,BG,40
1987,SG,39
1987,PE,36
1987,IR,33
1987,VE,27
1987,AR,27
1987,PH,26
1987,CZ,25
1987,PL,21
1987,LI,19
1987,GR,18
1987,SI,14
1987,PT,13
1987,BY,12
1987,UA,11
1987,SK,11
1987,MY,10
1987,ID,10
1987,SA,9
1987,NG,9
1987,HR,8
1987,BM,8
1987,TH,7
1987,GH,7
1987,KY,6
1987,UZ,5
1987,RS,5
1987,MC,5
1987,LA,5
1987,KW,5
1987,IS,5
1987,EC,5
1987,ZW,4
1987,LT,4
1987,KG,4
1987,JE,4
1987,EG,4
1987,EE,4
1987,TT,3
1987,TR,3
1987,MU,3
1987,LV,3
1987,IQ,3
1987,GT,3
1987,DO,3
1987,CO,3
1987,CL,3
1987,BS,3
1987,UY,2
1987,TZ,2
1987,TD,2
1987,SY,2
1987,SV,2
1987,PA,2
1987,ME,2
1987,KZ,2
1987,KP,2
1987,JO,2
1987,AE,2
1987,TC,1
1987,SC,1
1987,RO,1
1987,QA,1
1987,PK,1
1987,MT,1
1987,LB,1
1987,HN,1
1987,GE,1
1987,CY,1
1987,CU,1
1987,CR,1
1987,CI,1
1987,CD,1
1987,BD,1
1987,BB,1
1987,AF,1
1986,US,45191
1986,JP,16130
1986,DE,7756
1986,FR,2862
1986,GB,2738
1986,CA,1819
1986,CH,1534
1986,IT,1279
1986,NL,943
1986,SE,850
1986,AU,614
1986,TW,481
1986,AT,457
1986,BE,398
1986,IL,305
1986,DK,238
1986,FI,234
1986,CN,228
1986,KR,178
1986,NO,155
1986,ES,132
1986,HU,113
1986,ZA,105
1986,NZ,93
1986,IE,75
1986,RU,73
1986,CM,73
1986,BR,72
1986,MX,58
1986,IN,52
1986,BG,45
1986,CZ,41
1986,SG,37
1986,LU,37
1986,UG,32
1986,PH,32
1986,GR,30
1986,VE,26
1986,IR,25
1986,AR,25
1986,SK,21
1986,PL,21
1986,LI,20
1986,PE,18
1986,UA,12
1986,BM,12
1986,SA,9
1986,CL,9
1986,SI,8
1986,MY,8
1986,BY,8
1986,PT,7
1986,LA,7
1986,EC,7
1986,CO,7
1986,UZ,6
1986,MA,6
1986,EE,6
1986,NG,5
1986,KZ,5
1986,IQ,5
1986,ID,5
1986,GE,5
1986,EG,5
1986,RS,4
1986,RO,4
1986,GH,4
1986,BS,4
1986,TR,3
1986,MU,3
1986,MC,3
1986,KW,3
1986,IS,3
1986,HR,3
1986,YE,2
1986,VN,2
1986,TD,2
1986,SY,2
1986,LV,2
1986,LK,2
1986,KY,2
1986,KP,2
1986,KE,2
1986,CY,2
1986,CD,2
1986,BO,2
1986,AE,2
1986,ZW,1
1986,VG,1
1986,TN,1
1986,TH,1
1986,ST,1
1986,PK,1
1986,PA,1
1986,MM,1
1986,ML,1
1986,LB,1
1986,JE,1
1986,IM,1
1986,GT,1
1986,DZ,1
1986,DO,1
1986,CR,1
1986,BT,1
1986,BN,1
1986,BB,1
1986,AD,1
1985,US,43756
1985,JP,15079
1985,DE,7464
1985,FR,2688
1985,GB,2639
1985,CA,1682
1985,CH,1361
1985,IT,1136
1985,SE,908
1985,NL,904
1985,AU,533
1985,AT,432
1985,TW,383
1985,BE,351
1985,IL,255
1985,FI,244
1985,DK,219
1985,CN,176
1985,KR,168
1985,NO,130
1985,HU,118
1985,ES,116
1985,ZA,98
1985,NZ,79
1985,IE,66
1985,RU,62
1985,BR,57
1985,CM,54
1985,IN,51
1985,BG,49
1985,MX,47
1985,CZ,42
1985,LU,37
1985,UG,33
1985,GR,32
1985,IR,30
1985,SG,25
1985,PH,19
1985,AR,19
1985,VE,18
1985,LI,15
1985,SK,14
1985,PL,14
1985,UA,13
1985,PE,11
1985,NG,11
1985,BM,11
1985,TR,9
1985,MY,9
1985,SI,8
1985,PT,7
1985,LV,7
1985,CO,7
1985,CL,7
1985,EG,6
1985,EC,6
1985,BY,6
1985,TH,5
1985,ID,5
1985,JE,4
1985,GE,4
1985,EE,4
1985,AE,4
1985,UZ,3
1985,SA,3
1985,RO,3
1985,MU,3
1985,LA,3
1985,KW,3
1985,IS,3
1985,BS,3
1985,NP,2
1985,MC,2
1985,KZ,2
1985,HR,2
1985,GH,2
1985,CY,2
1985,CU,2
1985,CR,2
1985,AD,2
1985,VN,1
1985,UY,1
1985,TN,1
1985,SY,1
1985,KP,1
1985,JO,1
1985,IQ,1
1985,HT,1
1985,GT,1
1985,CD,1
1985,BO,1
1985,BD,1
1985,BB,1
1984,US,41861
1984,JP,13043
1984,DE,6852
1984,GB,2520
1984,FR,2474
1984,CA,1627
1984,CH,1355
1984,IT,1137
1984,SE,960
1984,NL,862
1984,AU,474
1984,AT,396
1984,BE,319
1984,TW,280
1984,IL,257
1984,FI,226
1984,DK,192
1984,CN,154
1984,HU,125
1984,NO,121
1984,KR,121
1984,ES,108
1984,ZA,103
1984,RU,83
1984,NZ,70
1984,IE,51
1984,CM,47
1984,MX,45
1984,CZ,45
1984,IN,44
1984,BR,44
1984,LU,42
1984,UG,29
1984,BG,29
1984,PL,28
1984,SG,23
1984,UA,21
1984,GR,21
1984,IR,19
1984,VE,18
1984,AR,17
1984,PE,15
1984,LI,13
1984,BM,11
1984,PH,10
1984,CL,9
1984,MY,8
1984,SI,7
1984,PT,6
1984,NG,6
1984,EG,6
1984,CR,6
1984,UZ,5
1984,TR,5
1984,TH,5
1984,SK,5
1984,MU,5
1984,ID,5
1984,EE,5
1984,EC,5
1984,BS,5
1984,PA,4
1984,LV,4
1984,IQ,4
1984,SA,3
1984,RO,3
1984,MC,3
1984,KZ,3
1984,JM,3
1984,IS,3
1984,TJ,2
1984,TD,2
1984,SY,2
1984,RS,2
1984,PK,2
1984,LA,2
1984,KW,2
1984,JE,2
1984,HR,2
1984,CY,2
1984,CO,2
1984,BO,2
1984,AE,2
1984,VN,1
1984,VG,1
1984,TT,1
1984,SV,1
1984,ST,1
1984,SD,1
1984,PG,1
1984,MK,1
1984,MA,1
1984,LT,1
1984,KY,1
1984,KG,1
1984,GW,1
1984,GT,1
1984,GH,1
1984,DZ,1
1984,DO,1
1984,CI,1
1984,CD,1
1984,BY,1
1984,BW,1
1984,BN,1
1984,BB,1
1984,AD,1
1983,US,39726
1983,JP,11280
1983,DE,6016
1983,GB,2346
1983,FR,2322
1983,CA,1427
1983,CH,1261
1983,IT,884
1983,SE,819
1983,NL,787
1983,AU,449
1983,AT,375
1983,BE,283
1983,DK,214
1983,FI,213
1983,IL,212
1983,TW,207
1983,CN,122
1983,HU,114
1983,NO,94
1983,KR,94
1983,ZA,85
1983,RU,85
1983,ES,81
1983,NZ,62
1983,IE,54
1983,MX,41
1983,CM,41
1983,BG,41
1983,LU,38
1983,BR,35
1983,CZ,34
1983,IN,29
1983,SG,27
1983,UG,25
1983,VE,18
1983,PL,17
1983,AR,16
1983,UA,15
1983,CR,15
1983,PH,14
1983,LI,14
1983,IR,13
1983,ID,13
1983,GR,13
1983,BY,11
1983,UY,9
1983,NG,9
1983,BM,9
1983,GH,8
1983,CO,8
1983,SA,7
1983,BS,7
1983,MC,6
1983,MA,6
1983,LV,6
1983,SK,5
1983,PT,5
1983,PE,5
1983,LB,5
1983,EC,5
1983,SI,4
1983,RO,4
1983,MY,4
1983,KY,4
1983,CL,4
1983,VG,3
1983,LA,3
1983,KZ,3
1983,KG,3
1983,GE,3
1983,EG,3
1983,EE,3
1983,BO,3
1983,UZ,2
1983,TR,2
1983,TH,2
1983,PG,2
1983,MM,2
1983,IS,2
1983,DZ,2
1983,CD,2
1983,BB,2
1983,ZW,1
1983,TJ,1
1983,TD,1
1983,SN,1
1983,SC,1
1983,RS,1
1983,PA,1
1983,KP,1
1983,JM,1
1983,IQ,1
1983,HR,1
1983,GT,1
1983,DO,1
1983,CY,1
1983,CU,1
1983,AM,1
1983,AE,1
1983,AD,1
1982,US,41742
1982,JP,11722
1982,DE,6542
1982,GB,2393
1982,FR,2365
1982,CA,1430
1982,CH,1353
1982,IT,916
1982,NL,774
1982,SE,773
1982,AU,440
1982,AT,340
1982,BE,295
1982,IL,213
1982,DK,200
1982,TW,193
1982,FI,183
1982,CN,132
1982,HU,121
1982,RU,119
1982,NO,103
1982,KR,84
1982,ZA,82
1982,ES,74
1982,NZ,67
1982,CM,67
1982,BG,54
1982,IE,48
1982,MX,46
1982,LU,43
1982,CZ,43
1982,PH,40
1982,UA,37
1982,UG,36
1982,BR,35
1982,IN,29
1982,PL,20
1982,AR,17
1982,SG,16
1982,IR,14
1982,VE,11
1982,LI,11
1982,GH,11
1982,SK,10
1982,CO,10
1982,PE,9
1982,GR,9
1982,UY,8
1982,ID,8
1982,NG,7
1982,MY,7
1982,EE,7
1982,TR,6
1982,SI,6
1982,LV,6
1982,BY,6
1982,UZ,5
1982,MC,5
1982,KY,5
1982,EC,5
1982,RO,4
1982,LT,4
1982,EG,4
1982,BM,4
1982,TJ,3
1982,SA,3
1982,RS,3
1982,LA,3
1982,KZ,3
1982,JM,3
1982,GT,3
1982,CL,3
1982,BS,3
1982,PT,2
1982,LK,2
1982,IS,2
1982,DZ,2
1982,CY,2
1982,CD,2
1982,AE,2
1982,YE,1
1982,VG,1
1982,TN,1
1982,SN,1
1982,PK,1
1982,PG,1
1982,OM,1
1982,MU,1
1982,MT,1
1982,MD,1
1982,MA,1
1982,LR,1
1982,KP,1
1982,KG,1
1982,KE,1
1982,HR,1
1982,HN,1
1982,GE,1
1982,DO,1
1982,CR,1
1982,BH,1
1982,BF,1
1982,BA,1
1981,US,41543
1981,JP,10295
1981,DE,6638
1981,GB,2313
1981,FR,2258
1981,CA,1480
1981,CH,1333
1981,IT,864
1981,SE,763
1981,NL,755
1981,AU,464
1981,AT,354
1981,BE,304
1981,IL,187
1981,RU,181
1981,FI,179
1981,DK,173
1981,TW,127
1981,HU,126
1981,NO,114
1981,CN,114
1981,ES,95
1981,NZ,73
1981,IE,72
1981,ZA,70
1981,KR,69
1981,BG,54
1981,MX,52
1981,IN,51
1981,CM,43
1981,PH,40
1981,CZ,39
1981,BR,33
1981,GR,31
1981,UA,30
1981,PL,30
1981,LU,30
1981,SG,28
1981,UG,21
1981,LI,20
1981,IR,19
1981,AR,19
1981,BY,16
1981,ID,15
1981,SI,11
1981,VE,10
1981,UZ,9
1981,PE,8
1981,MC,8
1981,KZ,8
1981,MY,7
1981,CO,7
1981,CL,7
1981,UY,6
1981,LV,6
1981,EE,6
1981,PT,5
1981,HR,5
1981,EG,5
1981,EC,5
1981,SK,4
1981,SA,4
1981,RO,4
1981,NG,4
1981,GE,4
1981,BS,4
1981,BM,4
1981,AE,4
1981,KY,3
1981,IS,3
1981,GH,3
1981,TJ,2
1981,RS,2
1981,ME,2
1981,LT,2
1981,KG,2
1981,IQ,2
1981,DZ,2
1981,BN,2
1981,TZ,1
1981,TR,1
1981,TH,1
1981,SY,1
1981,PA,1
1981,MK,1
1981,MA,1
1981,LY,1
1981,LK,1
1981,IM,1
1981,HT,1
1981,GT,1
1981,DO,1
1981,CY,1
1981,CR,1
1980,US,43965
1980,JP,9900
1980,DE,6639
1980,FR,2522
1980,GB,2429
1980,CA,1506
1980,CH,1487
1980,IT,963
1980,SE,818
1980,NL,796
1980,AU,458
1980,AT,369
1980,BE,318
1980,IL,187
1980,DK,182
1980,RU,163
1980,TW,150
1980,FI,150
1980,HU,131
1980,CN,105
1980,NO,88
1980,ZA,82
1980,NZ,75
1980,ES,74
1980,BG,59
1980,KR,55
1980,CM,51
1980,MX,50
1980,IE,48
1980,CZ,48
1980,PH,46
1980,IN,44
1980,UA,40
1980,BR,38
1980,PL,34
1980,AR,30
1980,LI,27
1980,ID,26
1980,UZ,21
1980,LU,21
1980,UG,20
1980,VE,19
1980,IR,18
1980,UY,17
1980,GR,17
1980,SG,15
1980,PE,12
1980,PT,10
1980,SK,9
1980,NG,9
1980,EC,9
1980,KY,8
1980,CR,8
1980,EE,7
1980,CL,7
1980,IQ,6
1980,GE,6
1980,BY,6
1980,SI,5
1980,RO,5
1980,MY,5
1980,CO,5
1980,BS,5
1980,SA,4
1980,LV,4
1980,KZ,4
1980,BM,4
1980,TN,3
1980,TJ,3
1980,PK,3
1980,PA,3
1980,MD,3
1980,MC,3
1980,HR,3
1980,GH,3
1980,EG,3
1980,DZ,3
1980,BN,3
1980,AE,3
1980,ZW,2
1980,TR,2
1980,TH,2
1980,MU,2
1980,LB,2
1980,KG,2
1980,ZM,1
1980,VU,1
1980,VG,1
1980,TZ,1
1980,SY,1
1980,SV,1
1980,SO,1
1980,QA,1
1980,PY,1
1980,PG,1
1980,MK,1
1980,ME,1
1980,LA,1
1980,KE,1
1980,HT,1
1980,GT,1
1980,GL,1
1980,DO,1
1980,CY,1
1980,CU,1
1980,CI,1
1980,BF,1
1980,BD,1
1980,AD,1
1979,US,43809
1979,JP,8681
1979,DE,6670
1979,GB,2556
1979,FR,2412
1979,CA,1600
1979,CH,1427
1979,IT,998
1979,SE,887
1979,NL,715
1979,AU,446
1979,AT,376
1979,BE,291
1979,RU,275
1979,IL,174
1979,FI,169
1979,DK,162
1979,TW,135
1979,CN,114
1979,HU,107
1979,NO,105
1979,ZA,104
1979,ES,93
1979,NZ,77
1979,BG,75
1979,PH,58
1979,KR,54
1979,UA,52
1979,MX,48
1979,PL,47
1979,BR,47
1979,IE,44
1979,CZ,43
1979,LU,37
1979,IN,34
1979,CM,29
1979,AR,25
1979,ID,23
1979,UG,21
1979,UY,19
1979,SG,17
1979,VE,15
1979,UZ,15
1979,SK,14
1979,LI,12
1979,BY,12
1979,GR,11
1979,RO,10
1979,MC,10
1979,IR,10
1979,PT,9
1979,PE,8
1979,LV,8
1979,CL,8
1979,BM,8
1979,GE,7
1979,EE,7
1979,EC,7
1979,LA,6
1979,BS,6
1979,TR,5
1979,SI,5
1979,LT,5
1979,KZ,5
1979,KG,5
1979,CR,5
1979,CO,5
1979,TO,4
1979,TJ,4
1979,GH,4
1979,MM,3
1979,KY,3
1979,KP,3
1979,IQ,3
1979,HT,3
1979,EG,3
1979,AE,3
1979,TT,2
1979,TH,2
1979,TD,2
1979,SA,2
1979,RS,2
1979,PA,2
1979,NG,2
1979,MY,2
1979,MW,2
1979,LY,2
1979,KE,2
1979,GT,2
1979,ZW,1
1979,YE,1
1979,VU,1
1979,TN,1
1979,SS,1
1979,SM,1
1979,PY,1
1979,PK,1
1979,MK,1
1979,MA,1
1979,LR,1
1979,LB,1
1979,CU,1
1979,BO,1
1979,BH,1
1979,AF,1
1979,AD,1
1978,US,44536
1978,JP,7624
1978,DE,6611
1978,GB,2560
1978,FR,2450
1978,CA,1566
1978,CH,1533
1978,IT,924
1978,SE,851
1978,NL,773
1978,AU,428
1978,AT,384
1978,RU,361
1978,BE,328
1978,DK,186
1978,FI,164
1978,IL,154
1978,TW,134
1978,NO,121
1978,CN,102
1978,ZA,95
1978,HU,84
1978,PH,80
1978,ES,80
1978,BG,69
1978,NZ,58
1978,CZ,56
1978,MX,53
1978,KR,46
1978,IE,43
1978,UA,41
1978,PL,36
1978,BR,36
1978,IN,33
1978,LU,28
1978,AR,23
1978,BY,22
1978,CM,21
1978,ID,20
1978,LI,18
1978,UY,17
1978,SK,17
1978,RO,16
1978,VE,14
1978,UZ,13
1978,SG,13
1978,UG,11
1978,SI,11
1978,LV,10
1978,IR,10
1978,EC,10
1978,CL,9
1978,KZ,8
1978,NG,7
1978,KG,7
1978,HR,7
1978,MY,6
1978,GR,6
1978,CR,6
1978,CO,6
1978,BS,6
1978,PE,5
1978,LT,5
1978,GE,5
1978,TT,4
1978,SA,4
1978,PT,4
1978,JM,4
1978,EE,4
1978,BM,4
1978,TN,3
1978,NE,3
1978,MC,3
1978,LA,3
1978,GH,3
1978,EG,3
1978,AE,3
1978,ZW,2
1978,TR,2
1978,TJ,2
1978,TH,2
1978,SS,2
1978,MU,2
1978,MT,2
1978,MM,2
1978,LS,2
1978,KP,2
1978,KE,2
1978,HT,2
1978,CY,2
1978,ZM,1
1978,TO,1
1978,TC,1
1978,SB,1
1978,RS,1
1978,QA,1
1978,PG,1
1978,PA,1
1978,MK,1
1978,MD,1
1978,LB,1
1978,IS,1
1978,IQ,1
1978,GT,1
1978,FO,1
1978,FJ,1
1978,CU,1
1978,CG,1
1978,CD,1
1978,BD,1
1977,US,45983
1977,JP,7044
1977,DE,6140
1977,GB,2488
1977,FR,2307
1977,CA,1577
1977,CH,1484
1977,IT,876
1977,SE,812
1977,NL,771
1977,AU,404
1977,AT,352
1977,RU,315
1977,BE,271
1977,DK,172
1977,IL,162
1977,FI,144
1977,NO,132
1977,ES,100
1977,HU,97
1977,TW,96
1977,ZA,88
1977,CN,85
1977,BG,72
1977,PH,64
1977,IE,58
1977,NZ,55
1977,KR,47
1977,CZ,47
1977,UA,44
1977,MX,44
1977,BR,39
1977,PL,36
1977,IN,32
1977,AR,29
1977,LU,27
1977,IR,25
1977,UZ,23
1977,EC,19
1977,CM,19
1977,BS,17
1977,UG,15
1977,GR,15
1977,SK,14
1977,PE,14
1977,ID,14
1977,RO,13
1977,LI,13
1977,VE,12
1977,CO,11
1977,SI,10
1977,MC,10
1977,LV,10
1977,BY,10
1977,KG,9
1977,CR,9
1977,SA,8
1977,GE,8
1977,SG,7
1977,TT,6
1977,BM,6
1977,TJ,5
1977,GH,5
1977,CL,4
1977,AE,4
1977,TR,3
1977,PT,3
1977,KZ,3
1977,KP,3
1977,JM,3
1977,IQ,3
1977,HR,3
1977,TZ,2
1977,TH,2
1977,SV,2
1977,RS,2
1977,MT,2
1977,ME,2
1977,MD,2
1977,LA,2
1977,GT,2
1977,EE,2
1977,BO,2
1977,YE,1
1977,TO,1
1977,SZ,1
1977,SS,1
1977,SC,1
1977,QA,1
1977,PY,1
1977,PA,1
1977,NG,1
1977,MY,1
1977,MM,1
1977,LT,1
1977,LK,1
1977,KY,1
1977,HT,1
1977,EG,1
1977,DZ,1
1977,CU,1
1977,CD,1
1977,BN,1
1977,AO,1
1977,AM,1
1977,AG,1
1976,US,46397
1976,JP,5836
1976,DE,4899
1976,FR,2300
1976,GB,1925
1976,CA,1537
1976,CH,1524
1976,IT,827
1976,NL,726
1976,SE,591
1976,AU,410
1976,AT,377
1976,RU,331
1976,BE,323
1976,DK,186
1976,IL,135
1976,FI,121
1976,NO,111
1976,ES,98
1976,TW,97
1976,BG,91
1976,ZA,89
1976,HU,89
1976,CZ,79
1976,PH,77
1976,UA,63
1976,CN,63
1976,NZ,59
1976,MX,59
1976,IE,58
1976,IN,42
1976,PL,38
1976,KR,36
1976,LU,23
1976,CM,23
1976,AR,22
1976,ID,21
1976,BR,21
1976,LI,20
1976,IR,15
1976,SK,14
1976,BS,12
1976,UG,10
1976,LV,10
1976,CO,10
1976,RO,9
1976,PE,9
1976,MC,9
1976,GE,9
1976,VE,8
1976,JM,8
1976,GR,8
1976,UZ,7
1976,TT,7
1976,BY,7
1976,SI,6
1976,SG,6
1976,PT,6
1976,BM,6
1976,EC,5
1976,TH,4
1976,KG,4
1976,IQ,4
1976,GH,4
1976,CL,4
1976,TD,3
1976,SA,3
1976,NG,3
1976,LT,3
1976,LA,3
1976,HR,3
1976,TR,2
1976,TJ,2
1976,RS,2
1976,NE,2
1976,MY,2
1976,MD,2
1976,KY,2
1976,KP,2
1976,IS,2
1976,EG,2
1976,CD,2
1976,BO,2
1976,ZW,1
1976,UY,1
1976,TN,1
1976,SO,1
1976,SL,1
1976,PN,1
1976,PG,1
1976,PA,1
1976,NI,1
1976,MT,1
1976,MM,1
1976,MK,1
1976,MG,1
1976,MA,1
1976,LB,1
1976,KZ,1
1976,JE,1
1976,IM,1
1976,DO,1
1976,CY,1
1976,CU,1
1976,BN,1
1976,BB,1
1976,BA,1
1976,AZ,1
1976,AE,1
